protocol_version,sensor_layout_version,device_id,side,sync_id,packet_seq,timestamp_ms,p1,p2,p3,p4,p5,p6,t1,t2,t3,ax,ay,az,gx,gy,gz,battery,quality_flags,source
1,layout_6p3t_v1,foot_left_001,left,1004,0,1760000300000,0.1997,0.211,0.1895,0.1243,0.1994,0.1687,30.86,30.67,30.47,0.027,0.0029,9.803,0.2992,-0.1181,-0.0653,95,0,csv_replay
1,layout_6p3t_v1,foot_right_001,right,1004,0,1760000300020,0.5031,0.5354,0.476,0.3416,0.506,0.4554,30.76,30.57,30.37,0.029,-0.0253,9.7792,-0.2419,-0.0254,0.0043,93,0,csv_replay
1,layout_6p3t_v1,foot_left_001,left,1004,1,1760000300200,0.2005,0.2054,0.1813,0.1258,0.2037,0.1734,30.86,30.63,30.43,-0.024,-0.0088,9.8327,0.148,0.1497,0.1664,95,0,csv_replay
1,layout_6p3t_v1,foot_right_001,right,1004,1,1760000300220,0.505,0.5344,0.4776,0.3327,0.5026,0.4487,30.75,30.55,30.34,-0.0259,0.0133,9.8232,-0.117,-0.1593,-0.116,93,0,csv_replay
1,layout_6p3t_v1,foot_left_001,left,1004,2,1760000300400,0.194,0.2133,0.1833,0.139,0.1986,0.1803,30.84,30.65,30.43,-0.0134,-0.0179,9.8171,-0.1666,-0.1167,0.1322,95,0,csv_replay
1,layout_6p3t_v1,foot_right_001,right,1004,2,1760000300420,0.501,0.5247,0.4801,0.3313,0.5094,0.4535,30.73,30.54,30.35,0.0193,-0.0135,9.8033,0.1397,0.1985,0.1828,93,0,csv_replay
1,layout_6p3t_v1,foot_left_001,left,1004,3,1760000300600,0.2004,0.2132,0.1867,0.1355,0.1982,0.1762,30.85,30.66,30.47,-0.0063,-0.0199,9.8402,-0.1166,-0.1703,0.1596,95,0,csv_replay
1,layout_6p3t_v1,foot_right_001,right,1004,3,1760000300620,0.5009,0.5287,0.4682,0.3399,0.5093,0.4482,30.74,30.57,30.33,0.012,-0.0026,9.8271,-0.1063,-0.0102,0.1852,93,0,csv_replay
1,layout_6p3t_v1,foot_left_001,left,1004,4,1760000300800,0.1956,0.2156,0.1904,0.1317,0.1911,0.1805,30.83,30.65,30.44,-0.0165,-0.0076,9.8167,-0.1444,-0.1865,-0.0715,95,0,csv_replay
1,layout_6p3t_v1,foot_right_001,right,1004,4,1760000300820,0.4988,0.5298,0.4762,0.3298,0.5014,0.4517,30.78,30.57,30.36,0.0116,0.0029,9.7685,-0.0865,0.2845,-0.1761,93,0,csv_replay
1,layout_6p3t_v1,foot_left_001,left,1004,5,1760000301000,0.2026,0.2045,0.1869,0.1359,0.1914,0.1694,30.89,30.67,30.44,-0.0112,0.0064,9.8234,0.1938,-0.2488,-0.0697,95,0,csv_replay
1,layout_6p3t_v1,foot_right_001,right,1004,5,1760000301020,0.5026,0.5291,0.4784,0.3426,0.4988,0.448,30.77,30.59,30.38,-0.0175,0.0259,9.768,-0.1822,-0.117,-0.0108,93,0,csv_replay
1,layout_6p3t_v1,foot_left_001,left,1004,6,1760000301200,0.2045,0.2136,0.1816,0.1366,0.1953,0.177,30.88,30.66,30.49,-0.0143,0.0286,9.7896,0.1935,-0.1329,0.1085,95,0,csv_replay
1,layout_6p3t_v1,foot_right_001,right,1004,6,1760000301220,0.5,0.5355,0.4834,0.3393,0.4969,0.4537,30.75,30.57,30.36,-0.022,-0.0066,9.7849,-0.045,-0.2325,-0.1365,93,0,csv_replay
1,layout_6p3t_v1,foot_left_001,left,1004,7,1760000301400,0.1962,0.2066,0.1929,0.1334,0.1927,0.1835,30.88,30.65,30.48,-0.0168,0.0121,9.8306,-0.0024,-0.1719,-0.159,95,0,csv_replay
1,layout_6p3t_v1,foot_right_001,right,1004,7,1760000301420,0.5034,0.5302,0.4776,0.3306,0.505,0.4558,30.8,30.59,30.4,-0.0021,0.0018,9.8232,-0.2225,-0.2,0.0011,93,0,csv_replay
1,layout_6p3t_v1,foot_left_001,left,1004,8,1760000301600,0.1931,0.215,0.1932,0.1369,0.1999,0.1776,30.87,30.66,30.49,0.0073,-0.0264,9.8004,-0.2736,-0.2495,-0.1523,95,0,csv_replay
1,layout_6p3t_v1,foot_right_001,right,1004,8,1760000301620,0.4997,0.5336,0.4809,0.3339,0.5065,0.4462,30.8,30.59,30.36,-0.0286,-0.0275,9.7834,-0.0869,0.2955,0.1104,93,0,csv_replay
1,layout_6p3t_v1,foot_left_001,left,1004,9,1760000301800,0.2001,0.2158,0.1933,0.1342,0.1983,0.1767,30.91,30.66,30.48,-0.0106,-0.0232,9.814,0.1766,-0.1476,-0.1723,95,0,csv_replay
1,layout_6p3t_v1,foot_right_001,right,1004,9,1760000301820,0.5078,0.5249,0.4826,0.3325,0.5085,0.455,30.78,30.55,30.39,-0.0195,-0.0038,9.8321,0.1543,0.0823,0.0774,93,0,csv_replay
1,layout_6p3t_v1,foot_left_001,left,1004,10,1760000302000,0.1937,0.2114,0.1914,0.124,0.1903,0.1829,30.91,30.69,30.47,0.0003,0.0026,9.8146,0.0236,0.0512,0.0736,95,0,csv_replay
1,layout_6p3t_v1,foot_right_001,right,1004,10,1760000302020,0.5088,0.5319,0.475,0.333,0.5014,0.4533,30.76,30.6,30.4,0.0273,-0.0038,9.8327,0.1731,0.2496,-0.1364,93,0,csv_replay
1,layout_6p3t_v1,foot_left_001,left,1004,11,1760000302200,0.1969,0.2096,0.1814,0.1271,0.2034,0.1827,30.86,30.69,30.47,0.0217,-0.0096,9.7806,-0.011,0.0292,-0.1859,95,0,csv_replay
1,layout_6p3t_v1,foot_right_001,right,1004,11,1760000302220,0.4993,0.5243,0.4746,0.3315,0.5089,0.4503,30.78,30.59,30.37,-0.0116,-0.0011,9.8438,0.1568,-0.1316,0.0935,93,0,csv_replay
1,layout_6p3t_v1,foot_left_001,left,1004,12,1760000302400,0.1991,0.2045,0.1853,0.1394,0.1903,0.1732,30.87,30.71,30.51,-0.0037,-0.0178,9.8426,0.1128,0.078,0.0704,95,0,csv_replay
1,layout_6p3t_v1,foot_right_001,right,1004,12,1760000302420,0.5101,0.5392,0.4754,0.3361,0.5045,0.449,30.82,30.6,30.39,-0.0041,-0.0223,9.8391,0.2671,-0.2983,-0.1509,93,0,csv_replay
1,layout_6p3t_v1,foot_left_001,left,1004,13,1760000302600,0.2038,0.205,0.1821,0.1308,0.1904,0.1708,30.92,30.71,30.47,-0.0079,0.0122,9.8195,-0.2732,0.0022,0.1075,95,0,csv_replay
1,layout_6p3t_v1,foot_right_001,right,1004,13,1760000302620,0.5077,0.5257,0.47,0.3433,0.5112,0.4519,30.81,30.6,30.39,-0.0125,0.01,9.8263,0.1335,0.2021,-0.0971,93,0,csv_replay
1,layout_6p3t_v1,foot_left_001,left,1004,14,1760000302800,0.1963,0.2159,0.1792,0.1252,0.1916,0.1796,30.91,30.69,30.49,0.0012,-0.0181,9.815,-0.1768,-0.206,-0.0246,95,0,csv_replay
1,layout_6p3t_v1,foot_right_001,right,1004,14,1760000302820,0.5035,0.525,0.4704,0.3338,0.4994,0.4425,30.8,30.62,30.4,-0.0093,-0.0184,9.7914,-0.0497,0.1327,0.0708,93,0,csv_replay
1,layout_6p3t_v1,foot_left_001,left,1004,15,1760000303000,0.1995,0.2083,0.1831,0.1247,0.2016,0.1717,30.91,30.72,30.53,-0.011,-0.0285,9.8435,-0.0273,-0.0696,-0.0105,95,0,csv_replay
1,layout_6p3t_v1,foot_right_001,right,1004,15,1760000303020,0.5074,0.535,0.4683,0.3292,0.4984,0.4554,30.79,30.58,30.42,0.0143,-0.0124,9.7782,-0.0566,0.1245,0.1949,93,0,csv_replay
1,layout_6p3t_v1,foot_left_001,left,1004,16,1760000303200,0.205,0.2028,0.1829,0.1397,0.1947,0.176,30.89,30.7,30.5,-0.0064,0.007,9.823,0.0542,0.1519,0.1892,95,0,csv_replay
1,layout_6p3t_v1,foot_right_001,right,1004,16,1760000303220,0.4971,0.5248,0.4836,0.3321,0.5095,0.4423,30.79,30.61,30.41,-0.0245,0.0119,9.7734,-0.2899,0.0484,0.0763,93,0,csv_replay
1,layout_6p3t_v1,foot_left_001,left,1004,17,1760000303400,0.2008,0.2056,0.1913,0.1371,0.205,0.1758,30.91,30.72,30.48,-0.0163,-0.0093,9.8004,-0.0402,0.1397,-0.097,95,0,csv_replay
1,layout_6p3t_v1,foot_right_001,right,1004,17,1760000303420,0.4968,0.5243,0.4709,0.3427,0.5094,0.448,30.78,30.63,30.41,-0.0148,-0.0038,9.8396,0.1951,0.1842,-0.0015,93,0,csv_replay
1,layout_6p3t_v1,foot_left_001,left,1004,18,1760000303600,0.2014,0.2048,0.1895,0.1303,0.1999,0.1828,30.89,30.69,30.48,-0.0261,-0.0061,9.8369,-0.0887,0.061,-0.1679,95,0,csv_replay
1,layout_6p3t_v1,foot_right_001,right,1004,18,1760000303620,0.4985,0.5293,0.4727,0.3378,0.5096,0.4469,30.82,30.62,30.42,-0.029,0.0168,9.8372,-0.0957,-0.1511,0.0092,93,0,csv_replay
1,layout_6p3t_v1,foot_left_001,left,1004,19,1760000303800,0.2041,0.2073,0.1904,0.1384,0.2034,0.1806,30.92,30.73,30.5,0.0278,0.0192,9.7767,0.1829,-0.1129,0.1037,95,0,csv_replay
1,layout_6p3t_v1,foot_right_001,right,1004,19,1760000303820,0.5024,0.5357,0.4735,0.3399,0.4965,0.4555,30.84,30.58,30.41,-0.0157,0.001,9.7846,-0.199,0.0078,0.0557,93,0,csv_replay
1,layout_6p3t_v1,foot_left_001,left,1004,20,1760000304000,0.2036,0.2038,0.1881,0.1257,0.2033,0.1693,30.92,30.71,30.53,0.0136,0.0174,9.8044,0.0955,-0.1685,0.0928,95,0,csv_replay
1,layout_6p3t_v1,foot_right_001,right,1004,20,1760000304020,0.5073,0.5304,0.4728,0.339,0.5087,0.4506,30.82,30.62,30.42,0.0218,-0.0095,9.8135,-0.0972,0.1747,-0.0499,93,0,csv_replay
1,layout_6p3t_v1,foot_left_001,left,1004,21,1760000304200,0.191,0.2152,0.1856,0.1395,0.1916,0.1684,30.89,30.69,30.48,-0.0076,0.0287,9.8274,0.168,-0.2804,-0.0245,95,0,csv_replay
1,layout_6p3t_v1,foot_right_001,right,1004,21,1760000304220,0.5,0.531,0.4688,0.3333,0.4997,0.4411,30.79,30.63,30.42,0.0212,-0.0008,9.826,0.1292,-0.0167,-0.1536,93,0,csv_replay
1,layout_6p3t_v1,foot_left_001,left,1004,22,1760000304400,0.2027,0.2163,0.1838,0.1331,0.1903,0.182,30.89,30.7,30.52,-0.0004,0.0102,9.7724,0.1088,0.2319,-0.0821,95,0,csv_replay
1,layout_6p3t_v1,foot_right_001,right,1004,22,1760000304420,0.5056,0.5275,0.4729,0.3387,0.4993,0.446,30.79,30.61,30.44,0.0,-0.0258,9.8043,0.2583,-0.0967,0.0315,93,0,csv_replay
1,layout_6p3t_v1,foot_left_001,left,1004,23,1760000304600,0.2012,0.2077,0.1881,0.1328,0.2025,0.181,30.9,30.71,30.54,-0.0148,-0.0046,9.8012,-0.0015,-0.255,-0.0781,95,0,csv_replay
1,layout_6p3t_v1,foot_right_001,right,1004,23,1760000304620,0.4993,0.5327,0.477,0.331,0.4978,0.4432,30.83,30.6,30.4,0.0068,-0.0158,9.8075,-0.1168,0.1888,-0.1126,93,0,csv_replay
1,layout_6p3t_v1,foot_left_001,left,1004,24,1760000304800,0.1986,0.209,0.1857,0.1306,0.1933,0.1715,30.94,30.73,30.49,-0.0106,0.0274,9.7714,0.2876,0.2052,-0.1996,95,0,csv_replay
1,layout_6p3t_v1,foot_right_001,right,1004,24,1760000304820,0.499,0.5294,0.4697,0.3394,0.5021,0.4461,30.81,30.63,30.43,0.0257,0.0251,9.8316,-0.1699,0.0078,-0.0642,93,0,csv_replay
1,layout_6p3t_v1,foot_left_001,left,1004,25,1760000305000,0.1935,0.2121,0.1915,0.1364,0.1938,0.1735,30.91,30.73,30.54,0.0048,0.0286,9.8402,0.0618,-0.0255,0.0465,95,0,csv_replay
1,layout_6p3t_v1,foot_right_001,right,1004,25,1760000305020,0.5045,0.53,0.4823,0.3435,0.5074,0.4453,30.82,30.61,30.44,0.0104,-0.008,9.7894,-0.1722,-0.2217,-0.1982,93,0,csv_replay
1,layout_6p3t_v1,foot_left_001,left,1004,26,1760000305200,0.1994,0.2133,0.1938,0.125,0.1976,0.1741,30.94,30.69,30.51,-0.0262,-0.0024,9.7981,0.0795,-0.0762,0.195,95,0,csv_replay
1,layout_6p3t_v1,foot_right_001,right,1004,26,1760000305220,0.5013,0.5309,0.4805,0.3292,0.5058,0.4482,30.81,30.59,30.45,0.0289,0.0192,9.7711,0.1439,-0.1247,-0.0781,93,0,csv_replay
1,layout_6p3t_v1,foot_left_001,left,1004,27,1760000305400,0.1973,0.2102,0.1867,0.1345,0.1917,0.1798,30.95,30.7,30.54,-0.0286,-0.0229,9.8417,-0.1171,0.0615,-0.1757,95,0,csv_replay
1,layout_6p3t_v1,foot_right_001,right,1004,27,1760000305420,0.5018,0.5306,0.4805,0.3439,0.5103,0.4406,30.8,30.62,30.44,-0.0169,-0.0189,9.7723,-0.1322,-0.2669,0.005,93,0,csv_replay
1,layout_6p3t_v1,foot_left_001,left,1004,28,1760000305600,0.1921,0.2121,0.1793,0.1394,0.1991,0.1783,30.95,30.73,30.53,0.0128,-0.0084,9.7941,-0.2374,-0.0823,-0.0455,95,0,csv_replay
1,layout_6p3t_v1,foot_right_001,right,1004,28,1760000305620,0.5106,0.5278,0.4733,0.3339,0.4961,0.4418,30.83,30.65,30.45,0.0044,-0.0236,9.8019,0.0294,0.1816,0.0295,93,0,csv_replay
1,layout_6p3t_v1,foot_left_001,left,1004,29,1760000305800,0.2026,0.2062,0.1865,0.1351,0.1918,0.1805,30.95,30.72,30.53,0.0104,-0.0114,9.8016,-0.2965,-0.0251,0.0589,95,0,csv_replay
1,layout_6p3t_v1,foot_right_001,right,1004,29,1760000305820,0.5077,0.5395,0.4808,0.3281,0.5025,0.445,30.81,30.62,30.41,0.0006,-0.0035,9.7933,0.1759,0.1373,-0.0199,93,0,csv_replay
1,layout_6p3t_v1,foot_left_001,left,1004,30,1760000306000,0.202,0.2089,0.1882,0.1308,0.1956,0.1789,30.95,30.73,30.52,-0.0236,-0.0247,9.7861,-0.113,-0.1176,-0.162,95,0,csv_replay
1,layout_6p3t_v1,foot_right_001,right,1004,30,1760000306020,0.5023,0.5347,0.4823,0.3377,0.5046,0.4427,30.8,30.61,30.43,0.0033,0.0167,9.8017,0.0587,-0.2102,-0.12,93,0,csv_replay
1,layout_6p3t_v1,foot_left_001,left,1004,31,1760000306200,0.2021,0.2156,0.1937,0.125,0.1928,0.1736,30.91,30.71,30.52,0.0029,-0.0075,9.7697,-0.2611,-0.212,-0.1515,95,0,csv_replay
1,layout_6p3t_v1,foot_right_001,right,1004,31,1760000306220,0.5098,0.5387,0.4692,0.336,0.5046,0.4491,30.8,30.65,30.45,-0.0129,0.0094,9.815,0.1371,0.0923,-0.0813,93,0,csv_replay
1,layout_6p3t_v1,foot_left_001,left,1004,32,1760000306400,0.2059,0.2086,0.1818,0.1308,0.1999,0.1702,30.96,30.74,30.56,0.0184,0.0086,9.844,0.1732,-0.2623,0.1241,95,0,csv_replay
1,layout_6p3t_v1,foot_right_001,right,1004,32,1760000306420,0.5012,0.5252,0.4792,0.3406,0.4989,0.4452,30.84,30.62,30.43,0.0259,-0.0192,9.8193,0.2247,-0.1897,0.1039,93,0,csv_replay
1,layout_6p3t_v1,foot_left_001,left,1004,33,1760000306600,0.1949,0.2034,0.1944,0.1314,0.1923,0.1694,30.93,30.74,30.53,0.0255,0.0075,9.8037,-0.1378,-0.1863,0.1804,95,0,csv_replay
1,layout_6p3t_v1,foot_right_001,right,1004,33,1760000306620,0.5088,0.5309,0.4797,0.3337,0.5071,0.4554,30.83,30.64,30.45,-0.0134,0.0015,9.8314,0.1535,-0.2902,-0.0789,93,0,csv_replay
1,layout_6p3t_v1,foot_left_001,left,1004,34,1760000306800,0.1906,0.2105,0.188,0.1251,0.1995,0.1733,30.93,30.7,30.53,0.0284,-0.0239,9.7956,-0.1055,0.1794,-0.1651,95,0,csv_replay
1,layout_6p3t_v1,foot_right_001,right,1004,34,1760000306820,0.4973,0.5265,0.4786,0.3312,0.4979,0.4458,30.85,30.62,30.45,0.0018,-0.0104,9.7684,0.0866,0.0683,0.043,93,0,csv_replay
1,layout_6p3t_v1,foot_left_001,left,1004,35,1760000307000,0.1962,0.205,0.189,0.1367,0.2053,0.1771,30.92,30.71,30.54,0.0258,-0.0068,9.843,0.286,0.1484,-0.1671,95,0,csv_replay
1,layout_6p3t_v1,foot_right_001,right,1004,35,1760000307020,0.4985,0.5242,0.4739,0.3435,0.511,0.4547,30.8,30.6,30.4,0.0085,-0.0144,9.8339,0.0261,0.2112,-0.1911,93,0,csv_replay
1,layout_6p3t_v1,foot_left_001,left,1004,36,1760000307200,0.1942,0.2147,0.193,0.1342,0.2013,0.1832,30.95,30.74,30.53,-0.0208,0.014,9.8158,-0.1163,0.2508,-0.1477,95,0,csv_replay
1,layout_6p3t_v1,foot_right_001,right,1004,36,1760000307220,0.5066,0.5282,0.4799,0.342,0.5085,0.4408,30.82,30.64,30.44,0.0244,-0.0089,9.8323,0.2248,0.1989,-0.1611,93,0,csv_replay
1,layout_6p3t_v1,foot_left_001,left,1004,37,1760000307400,0.193,0.2027,0.1906,0.1242,0.1961,0.1768,30.94,30.71,30.56,0.0031,-0.0253,9.8085,0.0102,-0.1622,0.0105,95,0,csv_replay
1,layout_6p3t_v1,foot_right_001,right,1004,37,1760000307420,0.5084,0.5313,0.4725,0.3366,0.5073,0.4413,30.84,30.62,30.44,0.0232,0.0217,9.7728,-0.2165,0.0264,-0.004,93,0,csv_replay
1,layout_6p3t_v1,foot_left_001,left,1004,38,1760000307600,0.1983,0.2037,0.1805,0.139,0.1969,0.1802,30.95,30.72,30.5,0.0189,0.0137,9.7958,0.1942,0.206,0.0304,95,0,csv_replay
1,layout_6p3t_v1,foot_right_001,right,1004,38,1760000307620,0.5075,0.5242,0.4682,0.3335,0.5069,0.4455,30.81,30.6,30.44,0.0037,0.015,9.7801,0.0394,-0.2703,-0.1413,93,0,csv_replay
1,layout_6p3t_v1,foot_left_001,left,1004,39,1760000307800,0.1971,0.216,0.1941,0.1348,0.2014,0.1737,30.94,30.72,30.53,0.0089,-0.0038,9.816,0.077,-0.161,-0.1853,95,0,csv_replay
1,layout_6p3t_v1,foot_right_001,right,1004,39,1760000307820,0.4975,0.5369,0.4766,0.3413,0.5083,0.4495,30.84,30.62,30.43,-0.0217,-0.0053,9.7667,0.0453,0.1677,0.073,93,0,csv_replay
1,layout_6p3t_v1,foot_left_001,left,1004,40,1760000308000,0.2005,0.2147,0.1825,0.1249,0.1937,0.1753,30.92,30.71,30.53,-0.0187,-0.0033,9.8437,0.1323,-0.2021,-0.0125,95,0,csv_replay
1,layout_6p3t_v1,foot_right_001,right,1004,40,1760000308020,0.5074,0.5248,0.4726,0.3323,0.5018,0.4405,30.83,30.65,30.4,-0.0079,-0.0178,9.8194,-0.2103,0.2585,0.1155,93,0,csv_replay
1,layout_6p3t_v1,foot_left_001,left,1004,41,1760000308200,0.1944,0.216,0.192,0.1313,0.1911,0.1716,30.96,30.7,30.52,0.0033,-0.0099,9.8107,-0.2005,-0.1486,0.1827,95,0,csv_replay
1,layout_6p3t_v1,foot_right_001,right,1004,41,1760000308220,0.4985,0.5365,0.4768,0.3358,0.4996,0.4531,30.85,30.62,30.41,0.0046,0.0098,9.7765,0.2861,0.1795,-0.0647,93,0,csv_replay
1,layout_6p3t_v1,foot_left_001,left,1004,42,1760000308400,0.2045,0.2038,0.1942,0.1277,0.2053,0.1716,30.9,30.73,30.5,-0.0235,-0.0127,9.8418,0.0029,0.2362,-0.0742,95,0,csv_replay
1,layout_6p3t_v1,foot_right_001,right,1004,42,1760000308420,0.5082,0.5314,0.4726,0.3353,0.5042,0.4521,30.84,30.62,30.41,-0.0295,-0.0019,9.8457,0.0072,-0.2479,0.0843,93,0,csv_replay
1,layout_6p3t_v1,foot_left_001,left,1004,43,1760000308600,0.1939,0.2028,0.1799,0.1369,0.1948,0.1731,30.93,30.71,30.53,0.0153,-0.0016,9.7881,0.2141,0.2772,0.0754,95,0,csv_replay
1,layout_6p3t_v1,foot_right_001,right,1004,43,1760000308620,0.5083,0.5321,0.4732,0.3355,0.5119,0.4427,30.8,30.63,30.44,0.0292,-0.0048,9.8287,0.1692,-0.2058,0.0708,93,0,csv_replay
1,layout_6p3t_v1,foot_left_001,left,1004,44,1760000308800,0.1957,0.2154,0.1798,0.1389,0.2019,0.1818,30.91,30.74,30.54,0.0098,0.0178,9.804,-0.2245,0.0952,-0.0466,95,0,csv_replay
1,layout_6p3t_v1,foot_right_001,right,1004,44,1760000308820,0.504,0.5292,0.4732,0.3316,0.5088,0.4481,30.84,30.6,30.4,0.0242,0.019,9.7725,-0.1197,0.2989,0.0023,93,0,csv_replay
1,layout_6p3t_v1,foot_left_001,left,1004,45,1760000309000,0.1944,0.2154,0.18,0.1246,0.203,0.1785,30.95,30.72,30.53,-0.0142,-0.0023,9.8064,-0.0757,0.0959,0.0037,95,0,csv_replay
1,layout_6p3t_v1,foot_right_001,right,1004,45,1760000309020,0.5097,0.5338,0.4692,0.3424,0.5012,0.453,30.8,30.6,30.43,0.0265,-0.002,9.8348,0.226,-0.1884,0.0361,93,0,csv_replay
1,layout_6p3t_v1,foot_left_001,left,1004,46,1760000309200,0.2012,0.2068,0.1895,0.1393,0.1935,0.1725,30.91,30.74,30.55,0.0067,0.0171,9.7919,0.1803,-0.1733,0.0088,95,0,csv_replay
1,layout_6p3t_v1,foot_right_001,right,1004,46,1760000309220,0.5067,0.5388,0.4804,0.331,0.5022,0.4521,30.82,30.64,30.4,0.0163,-0.0145,9.8214,-0.0009,-0.2934,0.1961,93,0,csv_replay
1,layout_6p3t_v1,foot_left_001,left,1004,47,1760000309400,0.2004,0.2128,0.1796,0.1336,0.1914,0.1693,30.95,30.71,30.54,0.012,-0.0054,9.7856,-0.2686,-0.2184,0.1917,95,0,csv_replay
1,layout_6p3t_v1,foot_right_001,right,1004,47,1760000309420,0.4983,0.5359,0.4737,0.3436,0.4974,0.446,30.84,30.65,30.42,-0.005,0.0009,9.8406,-0.1065,0.2932,0.114,93,0,csv_replay
1,layout_6p3t_v1,foot_left_001,left,1004,48,1760000309600,0.1984,0.2077,0.1864,0.126,0.1962,0.1829,30.95,30.7,30.49,-0.0243,0.0162,9.8459,-0.2004,-0.0423,0.1494,95,0,csv_replay
1,layout_6p3t_v1,foot_right_001,right,1004,48,1760000309620,0.4962,0.5377,0.4722,0.3335,0.5085,0.4425,30.84,30.62,30.44,-0.0251,0.0126,9.806,0.0496,-0.2318,-0.1928,93,0,csv_replay
1,layout_6p3t_v1,foot_left_001,left,1004,49,1760000309800,0.1906,0.2059,0.1799,0.1253,0.198,0.1753,30.93,30.71,30.55,-0.0291,0.0045,9.8043,-0.1979,-0.2,0.0861,95,0,csv_replay
1,layout_6p3t_v1,foot_right_001,right,1004,49,1760000309820,0.502,0.5319,0.4718,0.3399,0.5047,0.4496,30.8,30.6,30.39,-0.019,-0.0141,9.824,0.2475,-0.1437,0.112,93,0,csv_replay
1,layout_6p3t_v1,foot_left_001,left,1004,50,1760000310000,0.1981,0.2164,0.1804,0.1357,0.1952,0.1818,30.93,30.7,30.49,-0.0225,-0.0053,9.8225,0.008,-0.0676,0.0523,95,0,csv_replay
1,layout_6p3t_v1,foot_right_001,right,1004,50,1760000310020,0.5097,0.5398,0.4776,0.3418,0.5008,0.4541,30.81,30.65,30.43,-0.0174,0.027,9.8063,-0.1835,-0.2505,-0.0783,93,0,csv_replay
1,layout_6p3t_v1,foot_left_001,left,1004,51,1760000310200,0.1907,0.2146,0.1912,0.1316,0.2048,0.182,30.91,30.71,30.52,0.01,0.0272,9.8019,-0.2691,-0.0743,0.1556,95,0,csv_replay
1,layout_6p3t_v1,foot_right_001,right,1004,51,1760000310220,0.5119,0.5344,0.4699,0.3389,0.5081,0.453,30.8,30.64,30.41,0.0218,0.0077,9.7752,-0.1705,0.0323,0.0044,93,0,csv_replay
1,layout_6p3t_v1,foot_left_001,left,1004,52,1760000310400,0.1917,0.2052,0.1939,0.1333,0.197,0.1786,30.89,30.72,30.54,-0.0137,0.0017,9.8444,0.2338,-0.1274,0.079,95,0,csv_replay
1,layout_6p3t_v1,foot_right_001,right,1004,52,1760000310420,0.5062,0.5249,0.4749,0.3373,0.4987,0.4555,30.82,30.62,30.39,-0.0058,-0.0279,9.7953,0.0974,-0.0689,-0.0668,93,0,csv_replay
1,layout_6p3t_v1,foot_left_001,left,1004,53,1760000310600,0.1907,0.2035,0.1805,0.1353,0.1945,0.1741,30.89,30.73,30.5,-0.0173,-0.011,9.8257,0.2756,0.1001,0.0017,95,0,csv_replay
1,layout_6p3t_v1,foot_right_001,right,1004,53,1760000310620,0.5118,0.5292,0.48,0.341,0.5008,0.4467,30.79,30.59,30.43,-0.0237,-0.0294,9.7726,0.0177,0.2374,-0.0647,93,0,csv_replay
1,layout_6p3t_v1,foot_left_001,left,1004,54,1760000310800,0.2023,0.2016,0.18,0.1243,0.1933,0.1695,30.92,30.71,30.53,-0.0226,-0.0256,9.7852,0.1479,0.2354,0.0759,95,0,csv_replay
1,layout_6p3t_v1,foot_right_001,right,1004,54,1760000310820,0.5013,0.5258,0.4729,0.3338,0.5069,0.4452,30.8,30.6,30.43,-0.0199,-0.0293,9.8402,-0.2158,0.1867,-0.1895,93,0,csv_replay
1,layout_6p3t_v1,foot_left_001,left,1004,55,1760000311000,0.1946,0.2118,0.1914,0.1334,0.2048,0.1724,30.89,30.69,30.48,-0.0033,0.0284,9.8355,0.2117,0.0238,0.1029,95,0,csv_replay
1,layout_6p3t_v1,foot_right_001,right,1004,55,1760000311020,0.503,0.5262,0.4811,0.3378,0.5035,0.4467,30.82,30.59,30.39,0.0148,0.0076,9.7674,0.1665,0.056,0.1209,93,0,csv_replay
1,layout_6p3t_v1,foot_left_001,left,1004,56,1760000311200,0.2014,0.2148,0.1923,0.126,0.2033,0.1816,30.92,30.69,30.49,-0.0154,-0.007,9.7892,0.2384,0.1029,0.0663,95,0,csv_replay
1,layout_6p3t_v1,foot_right_001,right,1004,56,1760000311220,0.5071,0.5316,0.4762,0.3424,0.5029,0.4447,30.81,30.62,30.41,0.0213,-0.0267,9.7681,-0.185,0.0752,-0.1466,93,0,csv_replay
1,layout_6p3t_v1,foot_left_001,left,1004,57,1760000311400,0.2028,0.2102,0.1871,0.1339,0.1902,0.1816,30.92,30.73,30.48,-0.0036,0.0035,9.8305,0.2535,-0.1913,-0.0171,95,0,csv_replay
1,layout_6p3t_v1,foot_right_001,right,1004,57,1760000311420,0.4979,0.535,0.4715,0.3327,0.5013,0.4447,30.81,30.63,30.42,-0.0089,0.0141,9.8214,-0.0518,0.2552,-0.1638,93,0,csv_replay
1,layout_6p3t_v1,foot_left_001,left,1004,58,1760000311600,0.2035,0.2119,0.1818,0.1306,0.2044,0.1806,30.93,30.69,30.5,-0.0172,0.0148,9.8369,0.2894,0.1681,0.0667,95,0,csv_replay
1,layout_6p3t_v1,foot_right_001,right,1004,58,1760000311620,0.507,0.5286,0.4735,0.3298,0.51,0.4438,30.82,30.57,30.4,0.0176,0.0162,9.8219,-0.2038,-0.034,0.1154,93,0,csv_replay
1,layout_6p3t_v1,foot_left_001,left,1004,59,1760000311800,0.1915,0.2029,0.1896,0.1282,0.1947,0.1736,30.91,30.73,30.51,0.0156,0.0248,9.8282,-0.0665,-0.1211,0.1759,95,0,csv_replay
1,layout_6p3t_v1,foot_right_001,right,1004,59,1760000311820,0.4998,0.5387,0.4743,0.3346,0.5057,0.4528,30.78,30.61,30.42,-0.0027,0.0119,9.817,0.0056,-0.2353,-0.0876,93,0,csv_replay
1,layout_6p3t_v1,foot_left_001,left,1004,60,1760000312000,0.1952,0.2103,0.1819,0.1286,0.2044,0.1767,30.89,30.73,30.51,0.0206,-0.0144,9.8262,0.2587,-0.1844,0.047,95,0,csv_replay
1,layout_6p3t_v1,foot_right_001,right,1004,60,1760000312020,0.511,0.5275,0.4827,0.3367,0.5089,0.4431,30.82,30.61,30.42,-0.0037,0.0116,9.8296,0.1126,-0.2114,0.1784,93,0,csv_replay
1,layout_6p3t_v1,foot_left_001,left,1004,61,1760000312200,0.1909,0.2154,0.1834,0.1374,0.1953,0.1686,30.86,30.71,30.47,-0.019,0.0258,9.811,0.108,0.2781,-0.0758,95,0,csv_replay
1,layout_6p3t_v1,foot_right_001,right,1004,61,1760000312220,0.5048,0.5293,0.48,0.3316,0.508,0.4516,30.82,30.57,30.38,0.0246,0.0129,9.8153,0.2261,-0.2889,0.1092,93,0,csv_replay
1,layout_6p3t_v1,foot_left_001,left,1004,62,1760000312400,0.2038,0.21,0.1875,0.1311,0.1909,0.1769,30.9,30.69,30.5,0.0238,0.0268,9.844,-0.0904,-0.2837,-0.1303,95,0,csv_replay
1,layout_6p3t_v1,foot_right_001,right,1004,62,1760000312420,0.5035,0.5369,0.4772,0.3323,0.5115,0.4521,30.81,30.62,30.37,-0.0157,-0.0288,9.7997,-0.2206,0.0852,-0.102,93,0,csv_replay
1,layout_6p3t_v1,foot_left_001,left,1004,63,1760000312600,0.2029,0.2057,0.1842,0.1339,0.1918,0.1827,30.89,30.7,30.52,0.0296,-0.003,9.8093,0.274,-0.0602,-0.128,95,0,csv_replay
1,layout_6p3t_v1,foot_right_001,right,1004,63,1760000312620,0.5091,0.5346,0.4748,0.3311,0.5082,0.4532,30.77,30.6,30.39,-0.015,-0.0039,9.7813,-0.2396,-0.1861,0.0636,93,0,csv_replay
1,layout_6p3t_v1,foot_left_001,left,1004,64,1760000312800,0.1961,0.2077,0.1813,0.135,0.2013,0.1819,30.9,30.68,30.48,0.0236,0.0075,9.7836,-0.002,0.0656,0.0299,95,0,csv_replay
1,layout_6p3t_v1,foot_right_001,right,1004,64,1760000312820,0.5026,0.5248,0.4718,0.3332,0.5005,0.4545,30.8,30.61,30.39,-0.0131,-0.0072,9.7888,0.213,-0.0302,0.1413,93,0,csv_replay
1,layout_6p3t_v1,foot_left_001,left,1004,65,1760000313000,0.2046,0.2011,0.1882,0.1284,0.1937,0.1806,30.89,30.67,30.48,-0.0118,-0.0143,9.7834,-0.2384,-0.0483,-0.1033,95,0,csv_replay
1,layout_6p3t_v1,foot_right_001,right,1004,65,1760000313020,0.501,0.5268,0.478,0.334,0.4998,0.4524,30.81,30.57,30.4,0.0195,-0.0088,9.8202,-0.208,-0.1776,-0.1981,93,0,csv_replay
1,layout_6p3t_v1,foot_left_001,left,1004,66,1760000313200,0.1946,0.2027,0.1857,0.1349,0.1913,0.1682,30.89,30.68,30.48,0.0206,0.0016,9.8079,-0.2904,-0.2516,0.1944,95,0,csv_replay
1,layout_6p3t_v1,foot_right_001,right,1004,66,1760000313220,0.5,0.5245,0.4774,0.3299,0.5069,0.441,30.76,30.57,30.37,0.003,-0.026,9.7732,-0.1608,-0.0272,-0.1663,93,0,csv_replay
1,layout_6p3t_v1,foot_left_001,left,1004,67,1760000313400,0.2058,0.2085,0.195,0.133,0.2049,0.1766,30.89,30.7,30.46,-0.0126,0.0101,9.7916,-0.2855,-0.1654,0.1722,95,0,csv_replay
1,layout_6p3t_v1,foot_right_001,right,1004,67,1760000313420,0.4964,0.5366,0.4791,0.3334,0.5053,0.4502,30.76,30.6,30.39,0.0207,0.0159,9.839,0.0013,0.2198,0.0178,93,0,csv_replay
1,layout_6p3t_v1,foot_left_001,left,1004,68,1760000313600,0.1959,0.2058,0.1874,0.1243,0.1911,0.1715,30.89,30.65,30.48,0.0226,0.0049,9.7733,0.033,-0.1697,-0.0375,95,0,csv_replay
1,layout_6p3t_v1,foot_right_001,right,1004,68,1760000313620,0.5059,0.5301,0.4707,0.3388,0.5046,0.4476,30.77,30.55,30.35,0.0178,0.0099,9.8041,0.1443,-0.0537,-0.1725,93,0,csv_replay
1,layout_6p3t_v1,foot_left_001,left,1004,69,1760000313800,0.1963,0.2064,0.194,0.1257,0.1994,0.1773,30.87,30.7,30.49,-0.0173,-0.022,9.77,0.15,0.1243,-0.0118,95,0,csv_replay
1,layout_6p3t_v1,foot_right_001,right,1004,69,1760000313820,0.4991,0.5376,0.4812,0.3345,0.5077,0.444,30.76,30.55,30.38,-0.0217,0.0046,9.7902,-0.1628,0.0038,-0.0314,93,0,csv_replay
1,layout_6p3t_v1,foot_left_001,left,1004,70,1760000314000,0.1967,0.2027,0.1793,0.1353,0.196,0.1754,30.86,30.64,30.46,0.0039,-0.0086,9.8018,-0.0389,-0.2581,0.0113,95,0,csv_replay
1,layout_6p3t_v1,foot_right_001,right,1004,70,1760000314020,0.4978,0.5348,0.4766,0.3331,0.5059,0.4452,30.77,30.59,30.35,-0.0169,0.0103,9.7931,0.2318,-0.0131,-0.1391,93,0,csv_replay
1,layout_6p3t_v1,foot_left_001,left,1004,71,1760000314200,0.1947,0.2119,0.1925,0.1305,0.2053,0.1822,30.89,30.69,30.49,0.0263,0.0116,9.7808,0.222,-0.0836,0.0944,95,0,csv_replay
1,layout_6p3t_v1,foot_right_001,right,1004,71,1760000314220,0.5089,0.5397,0.4683,0.3341,0.4982,0.4503,30.74,30.59,30.34,-0.0098,0.014,9.7828,0.1521,-0.0115,0.197,93,0,csv_replay
1,layout_6p3t_v1,foot_left_001,left,1004,72,1760000314400,0.192,0.2151,0.184,0.1327,0.1969,0.1745,30.86,30.66,30.46,-0.019,-0.0225,9.7881,-0.2907,0.1799,-0.0884,95,0,csv_replay
1,layout_6p3t_v1,foot_right_001,right,1004,72,1760000314420,0.5032,0.5256,0.4759,0.3342,0.5045,0.4443,30.77,30.57,30.36,0.0158,-0.0171,9.8449,-0.1074,-0.1792,0.0045,93,0,csv_replay
1,layout_6p3t_v1,foot_left_001,left,1004,73,1760000314600,0.1973,0.2094,0.1872,0.139,0.2021,0.173,30.83,30.64,30.46,-0.0289,-0.0156,9.7903,-0.1138,-0.0953,-0.1402,95,0,csv_replay
1,layout_6p3t_v1,foot_right_001,right,1004,73,1760000314620,0.5076,0.5321,0.4725,0.3409,0.5017,0.4514,30.77,30.55,30.33,0.0154,0.0197,9.809,0.1547,0.2621,-0.0099,93,0,csv_replay
1,layout_6p3t_v1,foot_left_001,left,1004,74,1760000314800,0.1976,0.205,0.1821,0.126,0.1923,0.1808,30.85,30.64,30.43,0.0242,0.011,9.7953,0.0016,-0.0829,-0.1645,95,0,csv_replay
1,layout_6p3t_v1,foot_right_001,right,1004,74,1760000314820,0.5086,0.5241,0.4731,0.3334,0.509,0.4468,30.73,30.53,30.37,-0.001,0.0068,9.8345,0.0548,-0.0205,-0.1768,93,0,csv_replay
1,layout_6p3t_v1,foot_left_001,left,1004,75,1760000315000,0.19,0.2052,0.1889,0.1385,0.2044,0.1754,30.86,30.64,30.46,-0.0242,-0.0166,9.8312,-0.1076,-0.2847,0.0427,95,0,csv_replay
1,layout_6p3t_v1,foot_right_001,right,1004,75,1760000315020,0.5001,0.538,0.4738,0.3388,0.5022,0.4481,30.73,30.56,30.36,-0.0064,0.0163,9.8037,0.1609,0.0592,-0.1241,93,0,csv_replay
1,layout_6p3t_v1,foot_left_001,left,1004,76,1760000315200,0.1983,0.2148,0.1945,0.1391,0.1986,0.1744,30.84,30.62,30.45,0.0247,0.0279,9.7874,0.2582,0.124,0.1266,95,0,csv_replay
1,layout_6p3t_v1,foot_right_001,right,1004,76,1760000315220,0.5118,0.5257,0.4708,0.3353,0.5067,0.4437,30.73,30.55,30.37,-0.0268,-0.0244,9.8258,-0.2867,-0.2468,0.0542,93,0,csv_replay
1,layout_6p3t_v1,foot_left_001,left,1004,77,1760000315400,0.2036,0.2052,0.1873,0.1305,0.1992,0.1728,30.86,30.61,30.47,0.0158,-0.0281,9.8323,0.2976,0.0164,-0.1067,95,0,csv_replay
1,layout_6p3t_v1,foot_right_001,right,1004,77,1760000315420,0.5108,0.5292,0.472,0.3325,0.5011,0.4417,30.76,30.55,30.32,-0.013,0.0079,9.8313,0.0339,0.2077,0.1706,93,0,csv_replay
1,layout_6p3t_v1,foot_left_001,left,1004,78,1760000315600,0.2044,0.2087,0.1812,0.1358,0.1903,0.1799,30.86,30.64,30.46,0.0139,-0.0004,9.8281,-0.095,-0.2427,-0.1613,95,0,csv_replay
1,layout_6p3t_v1,foot_right_001,right,1004,78,1760000315620,0.5013,0.5348,0.4703,0.3292,0.5005,0.4521,30.71,30.54,30.32,0.0029,-0.0142,9.7939,0.1495,0.0249,0.118,93,0,csv_replay
1,layout_6p3t_v1,foot_left_001,left,1004,79,1760000315800,0.2009,0.204,0.1855,0.1384,0.1982,0.1828,30.84,30.61,30.46,0.0067,-0.0219,9.8466,-0.2673,0.1732,-0.1426,95,0,csv_replay
1,layout_6p3t_v1,foot_right_001,right,1004,79,1760000315820,0.5098,0.529,0.4776,0.3295,0.508,0.4508,30.73,30.55,30.35,-0.0213,0.0038,9.8368,-0.1419,-0.0499,-0.0028,93,0,csv_replay
1,layout_6p3t_v1,foot_left_001,left,1004,80,1760000316000,0.1976,0.213,0.193,0.1353,0.199,0.1836,30.85,30.61,30.46,-0.0,0.0275,9.8205,0.2686,0.1476,0.0531,95,0,csv_replay
1,layout_6p3t_v1,foot_right_001,right,1004,80,1760000316020,0.4986,0.5258,0.471,0.3431,0.5104,0.4412,30.75,30.52,30.33,-0.0054,-0.03,9.7818,-0.2746,0.0893,-0.0804,93,0,csv_replay
1,layout_6p3t_v1,foot_left_001,left,1004,81,1760000316200,0.1949,0.2135,0.19,0.1364,0.1916,0.1684,30.8,30.64,30.42,0.0031,-0.015,9.8116,0.1824,-0.003,0.1715,95,0,csv_replay
1,layout_6p3t_v1,foot_right_001,right,1004,81,1760000316220,0.507,0.5288,0.4685,0.3321,0.4962,0.4515,30.71,30.53,30.35,0.0032,-0.0283,9.8325,0.0129,0.0118,-0.1476,93,0,csv_replay
1,layout_6p3t_v1,foot_left_001,left,1004,82,1760000316400,0.2008,0.2148,0.1944,0.1394,0.1925,0.1834,30.8,30.61,30.46,0.0206,-0.0034,9.7886,-0.058,-0.0673,-0.1686,95,0,csv_replay
1,layout_6p3t_v1,foot_right_001,right,1004,82,1760000316420,0.4983,0.5337,0.4747,0.3296,0.5097,0.4466,30.71,30.54,30.33,-0.027,-0.0186,9.7931,-0.1336,-0.1007,0.1252,93,0,csv_replay
1,layout_6p3t_v1,foot_left_001,left,1004,83,1760000316600,0.1904,0.2083,0.1852,0.1338,0.1939,0.1787,30.81,30.59,30.41,0.0109,0.0145,9.8125,0.2332,-0.0722,0.036,95,0,csv_replay
1,layout_6p3t_v1,foot_right_001,right,1004,83,1760000316620,0.5101,0.5336,0.4788,0.3289,0.5058,0.4483,30.73,30.53,30.34,-0.0211,0.0255,9.7986,-0.2028,-0.0616,-0.0509,93,0,csv_replay
1,layout_6p3t_v1,foot_left_001,left,1004,84,1760000316800,0.2054,0.2071,0.1917,0.1344,0.2006,0.1828,30.81,30.65,30.41,0.0118,-0.0001,9.7747,0.0894,-0.2719,0.0249,95,0,csv_replay
1,layout_6p3t_v1,foot_right_001,right,1004,84,1760000316820,0.5007,0.5283,0.4699,0.3424,0.5107,0.4556,30.69,30.53,30.3,0.0242,0.005,9.791,-0.1078,0.1373,0.1437,93,0,csv_replay
1,layout_6p3t_v1,foot_left_001,left,1004,85,1760000317000,0.1919,0.2151,0.1817,0.1378,0.195,0.1688,30.84,30.6,30.42,-0.0128,0.0209,9.8353,0.0066,0.2143,-0.1076,95,0,csv_replay
1,layout_6p3t_v1,foot_right_001,right,1004,85,1760000317020,0.5064,0.5366,0.4705,0.3296,0.5033,0.4465,30.74,30.54,30.32,0.0123,0.015,9.8357,-0.2944,0.1317,-0.039,93,0,csv_replay
1,layout_6p3t_v1,foot_left_001,left,1004,86,1760000317200,0.206,0.2111,0.18,0.1317,0.2021,0.1693,30.79,30.62,30.41,-0.0181,-0.0115,9.8315,-0.1004,0.1562,0.1709,95,0,csv_replay
1,layout_6p3t_v1,foot_right_001,right,1004,86,1760000317220,0.507,0.5373,0.4732,0.3382,0.5071,0.4535,30.69,30.5,30.31,0.0177,-0.018,9.7783,0.0707,0.1177,-0.1977,93,0,csv_replay
1,layout_6p3t_v1,foot_left_001,left,1004,87,1760000317400,0.2031,0.2046,0.1943,0.1361,0.1922,0.1796,30.8,30.61,30.4,0.0269,-0.0146,9.8035,0.1934,0.1271,-0.0227,95,0,csv_replay
1,layout_6p3t_v1,foot_right_001,right,1004,87,1760000317420,0.4984,0.5332,0.4762,0.3382,0.4993,0.4485,30.69,30.54,30.28,0.0282,-0.0277,9.8184,0.1325,-0.1469,0.1832,93,0,csv_replay
1,layout_6p3t_v1,foot_left_001,left,1004,88,1760000317600,0.1965,0.2152,0.1812,0.1273,0.1953,0.1784,30.79,30.58,30.4,-0.0292,0.005,9.8171,-0.2156,0.2685,-0.0554,95,0,csv_replay
1,layout_6p3t_v1,foot_right_001,right,1004,88,1760000317620,0.4983,0.5308,0.4721,0.3313,0.5029,0.4435,30.69,30.53,30.32,0.0106,0.0097,9.8096,-0.164,0.2192,-0.0766,93,0,csv_replay
1,layout_6p3t_v1,foot_left_001,left,1004,89,1760000317800,0.2058,0.2135,0.1849,0.1381,0.1988,0.1733,30.8,30.63,30.42,-0.0124,-0.0263,9.7952,0.242,0.2996,0.0644,95,0,csv_replay
1,layout_6p3t_v1,foot_right_001,right,1004,89,1760000317820,0.4992,0.5382,0.4744,0.3359,0.5113,0.4423,30.69,30.49,30.3,0.0241,-0.0129,9.8458,0.1331,-0.0188,0.1047,93,0,csv_replay
1,layout_6p3t_v1,foot_left_001,left,1004,90,1760000318000,0.195,0.2037,0.187,0.1275,0.2038,0.1799,30.83,30.63,30.43,-0.0059,-0.023,9.8439,0.0286,0.0417,0.0436,95,0,csv_replay
1,layout_6p3t_v1,foot_right_001,right,1004,90,1760000318020,0.5037,0.5365,0.4822,0.3288,0.4964,0.4521,30.73,30.51,30.29,-0.0067,-0.0259,9.8017,-0.0335,-0.1399,-0.1996,93,0,csv_replay
1,layout_6p3t_v1,foot_left_001,left,1004,91,1760000318200,0.199,0.2095,0.1919,0.1388,0.2014,0.1723,30.77,30.59,30.38,0.0211,0.0163,9.7835,0.1498,0.1217,0.1164,95,0,csv_replay
1,layout_6p3t_v1,foot_right_001,right,1004,91,1760000318220,0.497,0.5356,0.469,0.3284,0.4999,0.4416,30.73,30.52,30.27,0.0287,-0.0247,9.782,-0.055,0.2996,0.0301,93,0,csv_replay
1,layout_6p3t_v1,foot_left_001,left,1004,92,1760000318400,0.194,0.2021,0.192,0.1247,0.2041,0.1739,30.79,30.58,30.39,-0.0054,0.027,9.832,-0.2793,0.0415,0.093,95,0,csv_replay
1,layout_6p3t_v1,foot_right_001,right,1004,92,1760000318420,0.4979,0.5333,0.4696,0.3306,0.506,0.4403,30.68,30.47,30.31,0.0054,-0.0199,9.8394,0.2686,-0.1527,0.0377,93,0,csv_replay
1,layout_6p3t_v1,foot_left_001,left,1004,93,1760000318600,0.1923,0.2145,0.1819,0.1313,0.1921,0.1773,30.78,30.58,30.37,0.0249,-0.0295,9.8226,-0.0376,0.2637,-0.1152,95,0,csv_replay
1,layout_6p3t_v1,foot_right_001,right,1004,93,1760000318620,0.4977,0.5367,0.47,0.3316,0.5041,0.4431,30.7,30.51,30.27,-0.001,-0.0234,9.7842,0.1492,0.233,-0.016,93,0,csv_replay
1,layout_6p3t_v1,foot_left_001,left,1004,94,1760000318800,0.1948,0.2084,0.1856,0.1291,0.2037,0.1789,30.8,30.59,30.38,0.021,0.0114,9.7756,0.1732,0.2068,-0.0073,95,0,csv_replay
1,layout_6p3t_v1,foot_right_001,right,1004,94,1760000318820,0.5084,0.527,0.4709,0.3373,0.5092,0.4522,30.68,30.5,30.28,-0.006,0.0028,9.7964,0.2464,-0.0496,-0.0326,93,0,csv_replay
1,layout_6p3t_v1,foot_left_001,left,1004,95,1760000319000,0.2013,0.2137,0.1894,0.1395,0.1949,0.1838,30.78,30.6,30.39,-0.0204,0.0052,9.774,0.0902,-0.2746,0.1404,95,0,csv_replay
1,layout_6p3t_v1,foot_right_001,right,1004,95,1760000319020,0.5091,0.5295,0.4822,0.3334,0.512,0.4507,30.7,30.46,30.27,0.0104,-0.0295,9.8339,-0.1995,-0.1003,0.0889,93,0,csv_replay
1,layout_6p3t_v1,foot_left_001,left,1004,96,1760000319200,0.1923,0.2101,0.1881,0.133,0.1959,0.1827,30.76,30.59,30.4,0.012,-0.0094,9.7997,-0.0072,-0.2971,-0.0237,95,0,csv_replay
1,layout_6p3t_v1,foot_right_001,right,1004,96,1760000319220,0.5025,0.5355,0.4835,0.3348,0.5051,0.4448,30.71,30.47,30.28,0.005,-0.0027,9.809,-0.1539,0.2458,0.0602,93,0,csv_replay
1,layout_6p3t_v1,foot_left_001,left,1004,97,1760000319400,0.1993,0.2064,0.1847,0.131,0.1974,0.1689,30.8,30.56,30.4,0.0078,-0.0112,9.8231,0.0762,0.0954,0.1235,95,0,csv_replay
1,layout_6p3t_v1,foot_right_001,right,1004,97,1760000319420,0.5054,0.5333,0.4762,0.3373,0.5057,0.4405,30.66,30.51,30.26,-0.0102,-0.0225,9.8455,-0.2844,-0.1537,-0.0725,93,0,csv_replay
1,layout_6p3t_v1,foot_left_001,left,1004,98,1760000319600,0.1935,0.2035,0.1906,0.1262,0.1948,0.1793,30.8,30.57,30.38,0.0114,0.0151,9.8061,0.0506,0.2033,-0.171,95,0,csv_replay
1,layout_6p3t_v1,foot_right_001,right,1004,98,1760000319620,0.5028,0.531,0.484,0.3314,0.5001,0.451,30.68,30.51,30.3,0.0171,-0.0181,9.7702,-0.2992,0.2477,0.0958,93,0,csv_replay
1,layout_6p3t_v1,foot_left_001,left,1004,99,1760000319800,0.2058,0.2144,0.1875,0.1271,0.1986,0.1746,30.77,30.58,30.4,-0.0055,-0.0066,9.7944,0.2933,-0.0124,-0.0965,95,0,csv_replay
1,layout_6p3t_v1,foot_right_001,right,1004,99,1760000319820,0.5049,0.536,0.4712,0.3372,0.4963,0.4536,30.68,30.45,30.25,-0.0132,-0.0029,9.7933,0.2856,0.2253,0.1028,93,0,csv_replay
1,layout_6p3t_v1,foot_left_001,left,1004,100,1760000320000,0.2027,0.2019,0.1887,0.1258,0.1961,0.1725,30.76,30.56,30.37,-0.0108,-0.0261,9.8174,-0.0223,-0.1097,-0.1962,95,0,csv_replay
1,layout_6p3t_v1,foot_right_001,right,1004,100,1760000320020,0.503,0.5296,0.4704,0.3282,0.5049,0.4439,30.71,30.47,30.3,-0.0155,0.0113,9.8447,-0.0649,-0.2775,-0.0941,93,0,csv_replay
1,layout_6p3t_v1,foot_left_001,left,1004,101,1760000320200,0.1949,0.206,0.1838,0.1338,0.1987,0.1754,30.75,30.57,30.35,0.0093,-0.0118,9.7954,0.0485,0.1131,0.1855,95,0,csv_replay
1,layout_6p3t_v1,foot_right_001,right,1004,101,1760000320220,0.5076,0.5258,0.4833,0.3319,0.5024,0.4413,30.66,30.48,30.25,-0.0292,-0.0133,9.7844,0.2494,0.1639,0.1275,93,0,csv_replay
1,layout_6p3t_v1,foot_left_001,left,1004,102,1760000320400,0.1967,0.2081,0.1921,0.1369,0.1949,0.17,30.78,30.59,30.39,0.0148,-0.0016,9.8152,-0.0415,-0.1538,0.0729,95,0,csv_replay
1,layout_6p3t_v1,foot_right_001,right,1004,102,1760000320420,0.4997,0.5261,0.481,0.3416,0.5064,0.4445,30.68,30.49,30.31,0.029,-0.0049,9.8317,-0.0405,-0.1592,0.0755,93,0,csv_replay
1,layout_6p3t_v1,foot_left_001,left,1004,103,1760000320600,0.2038,0.2026,0.1933,0.125,0.2059,0.1808,30.77,30.56,30.4,-0.0023,0.015,9.7999,-0.0748,-0.0998,0.1614,95,0,csv_replay
1,layout_6p3t_v1,foot_right_001,right,1004,103,1760000320620,0.5044,0.5268,0.4764,0.34,0.5088,0.4416,30.65,30.45,30.29,-0.0184,0.0188,9.7776,-0.0397,-0.094,-0.1585,93,0,csv_replay
1,layout_6p3t_v1,foot_left_001,left,1004,104,1760000320800,0.2011,0.2095,0.1855,0.1312,0.1979,0.1691,30.78,30.57,30.38,-0.0207,0.0053,9.7901,0.2474,-0.1542,0.013,95,0,csv_replay
1,layout_6p3t_v1,foot_right_001,right,1004,104,1760000320820,0.4987,0.5285,0.4714,0.3426,0.5086,0.4432,30.7,30.46,30.25,-0.0068,-0.0248,9.8117,-0.1454,0.143,-0.1997,93,0,csv_replay
1,layout_6p3t_v1,foot_left_001,left,1004,105,1760000321000,0.1905,0.2118,0.188,0.1267,0.1914,0.1838,30.75,30.58,30.39,-0.0132,0.009,9.8378,0.2908,-0.0777,-0.0045,95,0,csv_replay
1,layout_6p3t_v1,foot_right_001,right,1004,105,1760000321020,0.5078,0.5266,0.4699,0.3281,0.5076,0.4436,30.65,30.5,30.27,-0.0278,0.0225,9.803,-0.2555,0.2804,-0.0359,93,0,csv_replay
1,layout_6p3t_v1,foot_left_001,left,1004,106,1760000321200,0.1958,0.2062,0.1859,0.1359,0.1966,0.1786,30.79,30.57,30.39,-0.0277,-0.0168,9.8379,-0.0189,-0.1994,0.1467,95,0,csv_replay
1,layout_6p3t_v1,foot_right_001,right,1004,106,1760000321220,0.5096,0.5378,0.4723,0.3357,0.4966,0.4453,30.65,30.45,30.26,0.0197,0.0135,9.7678,0.221,-0.1906,-0.0099,93,0,csv_replay
1,layout_6p3t_v1,foot_left_001,left,1004,107,1760000321400,0.1948,0.2072,0.1934,0.1319,0.1945,0.1723,30.77,30.56,30.36,-0.0243,-0.0048,9.7791,0.2016,-0.0449,-0.1002,95,0,csv_replay
1,layout_6p3t_v1,foot_right_001,right,1004,107,1760000321420,0.5086,0.5287,0.483,0.3424,0.4986,0.4538,30.65,30.45,30.3,-0.0148,-0.0232,9.8192,-0.175,0.0679,0.0302,93,0,csv_replay
1,layout_6p3t_v1,foot_left_001,left,1004,108,1760000321600,0.2006,0.2167,0.1888,0.1394,0.2007,0.1818,30.76,30.56,30.39,0.0192,0.0087,9.7714,0.2069,0.0799,0.0696,95,0,csv_replay
1,layout_6p3t_v1,foot_right_001,right,1004,108,1760000321620,0.511,0.5294,0.4759,0.3381,0.5039,0.4537,30.65,30.47,30.28,-0.0274,0.0108,9.8347,-0.1199,0.2608,-0.0127,93,0,csv_replay
1,layout_6p3t_v1,foot_left_001,left,1004,109,1760000321800,0.1938,0.2051,0.1796,0.1343,0.194,0.1745,30.75,30.6,30.39,-0.0225,-0.0203,9.8034,-0.0301,0.2456,0.0778,95,0,csv_replay
1,layout_6p3t_v1,foot_right_001,right,1004,109,1760000321820,0.5031,0.5283,0.4719,0.3363,0.509,0.449,30.64,30.47,30.26,-0.0053,-0.0234,9.8169,0.2253,0.2284,-0.0952,93,0,csv_replay
1,layout_6p3t_v1,foot_left_001,left,1004,110,1760000322000,0.1964,0.2137,0.1926,0.1373,0.1974,0.1837,30.78,30.57,30.37,-0.0111,0.0,9.7726,-0.0075,-0.1335,-0.0884,95,0,csv_replay
1,layout_6p3t_v1,foot_right_001,right,1004,110,1760000322020,0.4987,0.5299,0.4697,0.3407,0.5001,0.4448,30.65,30.46,30.24,-0.0279,-0.0205,9.8427,-0.0726,0.0781,-0.1789,93,0,csv_replay
1,layout_6p3t_v1,foot_left_001,left,1004,111,1760000322200,0.193,0.2105,0.1839,0.1375,0.201,0.1794,30.78,30.56,30.36,0.0242,-0.0033,9.811,-0.0452,-0.2968,0.175,95,0,csv_replay
1,layout_6p3t_v1,foot_right_001,right,1004,111,1760000322220,0.4967,0.5337,0.4791,0.3417,0.511,0.4506,30.68,30.48,30.26,0.0199,0.0112,9.7853,0.0348,-0.1913,0.136,93,0,csv_replay
1,layout_6p3t_v1,foot_left_001,left,1004,112,1760000322400,0.1956,0.2057,0.1891,0.1316,0.1905,0.1769,30.76,30.54,30.36,0.0076,0.0046,9.8231,0.2894,0.2288,-0.0658,95,0,csv_replay
1,layout_6p3t_v1,foot_right_001,right,1004,112,1760000322420,0.5071,0.5253,0.4794,0.3356,0.5085,0.441,30.7,30.5,30.25,-0.0261,0.0105,9.8359,-0.0043,-0.2211,-0.1788,93,0,csv_replay
1,layout_6p3t_v1,foot_left_001,left,1004,113,1760000322600,0.1938,0.2039,0.1838,0.1313,0.2017,0.1757,30.75,30.6,30.36,-0.0077,-0.0111,9.8207,-0.222,-0.2944,-0.1288,95,0,csv_replay
1,layout_6p3t_v1,foot_right_001,right,1004,113,1760000322620,0.5019,0.5275,0.4816,0.3408,0.5007,0.4554,30.69,30.44,30.3,0.0293,-0.0115,9.799,0.0388,0.1471,-0.1998,93,0,csv_replay
1,layout_6p3t_v1,foot_left_001,left,1004,114,1760000322800,0.1933,0.2011,0.1872,0.1265,0.1997,0.1816,30.79,30.59,30.39,0.0054,0.0258,9.835,-0.0463,0.131,-0.0457,95,0,csv_replay
1,layout_6p3t_v1,foot_right_001,right,1004,114,1760000322820,0.4997,0.534,0.4838,0.3333,0.4967,0.4493,30.68,30.48,30.28,0.0285,-0.0281,9.7871,0.1694,-0.1586,0.1302,93,0,csv_replay
1,layout_6p3t_v1,foot_left_001,left,1004,115,1760000323000,0.1961,0.2036,0.1857,0.1362,0.2036,0.1781,30.75,30.55,30.35,-0.0064,-0.0038,9.8295,0.0585,0.1638,0.0981,95,0,csv_replay
1,layout_6p3t_v1,foot_right_001,right,1004,115,1760000323020,0.4978,0.5248,0.4778,0.3437,0.5077,0.4456,30.65,30.47,30.27,0.0232,-0.0169,9.8399,-0.1725,0.2032,-0.1632,93,0,csv_replay
1,layout_6p3t_v1,foot_left_001,left,1004,116,1760000323200,0.1933,0.214,0.1798,0.1353,0.2015,0.177,30.78,30.58,30.38,-0.0049,-0.0047,9.8384,0.1822,-0.2184,-0.1936,95,0,csv_replay
1,layout_6p3t_v1,foot_right_001,right,1004,116,1760000323220,0.503,0.5387,0.4818,0.333,0.4998,0.4476,30.67,30.49,30.26,-0.0065,0.0003,9.7872,0.2348,0.2701,-0.0251,93,0,csv_replay
1,layout_6p3t_v1,foot_left_001,left,1004,117,1760000323400,0.203,0.2093,0.191,0.1353,0.2011,0.1707,30.76,30.56,30.37,0.0174,0.0034,9.8208,-0.173,0.2143,-0.1735,95,0,csv_replay
1,layout_6p3t_v1,foot_right_001,right,1004,117,1760000323420,0.5112,0.5286,0.4713,0.3422,0.5031,0.4494,30.66,30.45,30.28,0.0265,-0.0073,9.783,0.1451,-0.255,-0.0934,93,0,csv_replay
1,layout_6p3t_v1,foot_left_001,left,1004,118,1760000323600,0.1956,0.2012,0.1819,0.1247,0.2024,0.1704,30.77,30.6,30.36,0.0271,0.0212,9.7999,0.2408,0.0791,0.0809,95,0,csv_replay
1,layout_6p3t_v1,foot_right_001,right,1004,118,1760000323620,0.5045,0.5352,0.4781,0.3352,0.5046,0.4428,30.65,30.49,30.26,0.0248,-0.0143,9.7958,0.238,0.0837,0.065,93,0,csv_replay
1,layout_6p3t_v1,foot_left_001,left,1004,119,1760000323800,0.2037,0.2114,0.1839,0.1339,0.1918,0.1754,30.76,30.59,30.39,0.009,0.0116,9.8378,-0.0236,-0.0802,0.0741,95,0,csv_replay
1,layout_6p3t_v1,foot_right_001,right,1004,119,1760000323820,0.5095,0.537,0.4714,0.3291,0.5102,0.4531,30.69,30.49,30.28,0.009,0.0067,9.7801,-0.1812,-0.0373,0.148,93,0,csv_replay
1,layout_6p3t_v1,foot_left_001,left,1004,120,1760000324000,0.2059,0.2126,0.1817,0.1384,0.1917,0.1753,30.8,30.55,30.38,-0.0285,-0.0123,9.8109,-0.1957,0.1022,-0.0418,95,0,csv_replay
1,layout_6p3t_v1,foot_right_001,right,1004,120,1760000324020,0.5047,0.5264,0.4765,0.3351,0.5098,0.4505,30.66,30.49,30.28,0.0298,-0.0094,9.8377,-0.1756,-0.1953,-0.07,93,0,csv_replay
1,layout_6p3t_v1,foot_left_001,left,1004,121,1760000324200,0.1998,0.2104,0.193,0.1284,0.2059,0.1688,30.76,30.59,30.4,0.0237,-0.0073,9.8438,-0.0507,-0.1065,0.0175,95,0,csv_replay
1,layout_6p3t_v1,foot_right_001,right,1004,121,1760000324220,0.5007,0.5327,0.4738,0.3306,0.499,0.4481,30.65,30.49,30.25,0.0136,0.0052,9.8348,0.2137,0.0879,0.0819,93,0,csv_replay
1,layout_6p3t_v1,foot_left_001,left,1004,122,1760000324400,0.1966,0.2144,0.1892,0.1379,0.1911,0.1739,30.75,30.57,30.36,-0.0112,-0.0076,9.8277,0.0233,-0.1679,-0.1472,95,0,csv_replay
1,layout_6p3t_v1,foot_right_001,right,1004,122,1760000324420,0.5112,0.5298,0.4808,0.3329,0.5084,0.4405,30.66,30.46,30.3,-0.0112,-0.0007,9.8379,-0.0144,0.1343,0.1445,93,0,csv_replay
1,layout_6p3t_v1,foot_left_001,left,1004,123,1760000324600,0.1955,0.2021,0.1891,0.135,0.1951,0.17,30.76,30.6,30.36,-0.022,0.0244,9.8445,0.066,0.1482,-0.078,95,0,csv_replay
1,layout_6p3t_v1,foot_right_001,right,1004,123,1760000324620,0.5098,0.536,0.4784,0.3289,0.5034,0.4545,30.66,30.49,30.29,0.0273,0.014,9.7946,-0.2111,-0.0222,-0.1752,93,0,csv_replay
1,layout_6p3t_v1,foot_left_001,left,1004,124,1760000324800,0.1907,0.2153,0.1913,0.1351,0.1921,0.1735,30.78,30.57,30.41,0.0037,0.0158,9.8079,-0.2984,-0.0871,-0.0146,95,0,csv_replay
1,layout_6p3t_v1,foot_right_001,right,1004,124,1760000324820,0.5114,0.53,0.4734,0.3365,0.5075,0.4518,30.7,30.5,30.29,-0.0098,-0.0292,9.8212,0.2367,0.0281,0.0956,93,0,csv_replay
1,layout_6p3t_v1,foot_left_001,left,1004,125,1760000325000,0.198,0.2098,0.1867,0.1288,0.1912,0.1688,30.75,30.6,30.38,0.0097,0.0001,9.8009,0.1726,-0.2337,-0.127,95,0,csv_replay
1,layout_6p3t_v1,foot_right_001,right,1004,125,1760000325020,0.5079,0.526,0.4835,0.3325,0.5115,0.4533,30.7,30.46,30.28,-0.0016,0.0213,9.8029,0.0554,-0.1381,0.023,93,0,csv_replay
1,layout_6p3t_v1,foot_left_001,left,1004,126,1760000325200,0.1931,0.2061,0.1794,0.1381,0.2029,0.1742,30.79,30.61,30.38,-0.0228,-0.0255,9.7929,0.1413,0.0817,0.0274,95,0,csv_replay
1,layout_6p3t_v1,foot_right_001,right,1004,126,1760000325220,0.5007,0.5372,0.4796,0.3404,0.511,0.4454,30.66,30.47,30.25,0.0032,-0.0115,9.7689,0.0207,0.1246,-0.1172,93,0,csv_replay
1,layout_6p3t_v1,foot_left_001,left,1004,127,1760000325400,0.2009,0.2168,0.1805,0.1396,0.1976,0.181,30.76,30.61,30.36,0.0244,-0.0086,9.8291,0.2604,-0.1061,0.1452,95,0,csv_replay
1,layout_6p3t_v1,foot_right_001,right,1004,127,1760000325420,0.5091,0.5305,0.4707,0.3331,0.5047,0.4548,30.68,30.49,30.27,-0.0038,0.0055,9.806,-0.1852,0.0878,-0.1697,93,0,csv_replay
1,layout_6p3t_v1,foot_left_001,left,1004,128,1760000325600,0.2009,0.2099,0.1814,0.1254,0.1984,0.1713,30.76,30.58,30.4,0.0108,0.0113,9.829,-0.1661,-0.2107,-0.1588,95,0,csv_replay
1,layout_6p3t_v1,foot_right_001,right,1004,128,1760000325620,0.5082,0.5268,0.4698,0.3397,0.4984,0.4448,30.66,30.47,30.3,-0.0086,0.0216,9.7763,-0.2146,-0.0772,0.0619,93,0,csv_replay
1,layout_6p3t_v1,foot_left_001,left,1004,129,1760000325800,0.1966,0.2033,0.193,0.1394,0.2056,0.1681,30.81,30.59,30.4,-0.0294,0.0241,9.7795,-0.2823,-0.0406,0.198,95,0,csv_replay
1,layout_6p3t_v1,foot_right_001,right,1004,129,1760000325820,0.4988,0.5326,0.4778,0.3341,0.5018,0.4533,30.68,30.47,30.29,-0.0199,-0.0055,9.8211,0.2232,0.1406,0.174,93,0,csv_replay
1,layout_6p3t_v1,foot_left_001,left,1004,130,1760000326000,0.1905,0.2158,0.1929,0.1391,0.1906,0.1717,30.77,30.61,30.39,0.0038,0.0288,9.8258,0.1272,0.23,0.1447,95,0,csv_replay
1,layout_6p3t_v1,foot_right_001,right,1004,130,1760000326020,0.5056,0.5278,0.4807,0.3367,0.5051,0.4473,30.66,30.51,30.3,0.0126,0.0199,9.7775,-0.1092,-0.1239,0.1481,93,0,csv_replay
1,layout_6p3t_v1,foot_left_001,left,1004,131,1760000326200,0.2006,0.2127,0.1924,0.1308,0.1904,0.174,30.79,30.57,30.41,-0.0216,0.0033,9.8401,-0.2254,-0.1731,0.1201,95,0,csv_replay
1,layout_6p3t_v1,foot_right_001,right,1004,131,1760000326220,0.505,0.5324,0.4765,0.3296,0.4975,0.4483,30.67,30.51,30.29,0.0082,0.0253,9.8423,-0.0527,0.0416,-0.1905,93,0,csv_replay
1,layout_6p3t_v1,foot_left_001,left,1004,132,1760000326400,0.1967,0.2154,0.19,0.1363,0.2033,0.1828,30.77,30.61,30.39,-0.0028,-0.0066,9.8038,0.0234,0.0393,-0.1188,95,0,csv_replay
1,layout_6p3t_v1,foot_right_001,right,1004,132,1760000326420,0.5033,0.5316,0.4712,0.3323,0.5115,0.4531,30.69,30.47,30.27,-0.0002,0.0192,9.8399,-0.1697,-0.0789,-0.113,93,0,csv_replay
1,layout_6p3t_v1,foot_left_001,left,1004,133,1760000326600,0.2003,0.2071,0.1832,0.1328,0.1912,0.1705,30.78,30.62,30.4,-0.0193,0.0115,9.83,0.2764,0.2067,-0.1607,95,0,csv_replay
1,layout_6p3t_v1,foot_right_001,right,1004,133,1760000326620,0.5011,0.5332,0.4756,0.3286,0.5044,0.4508,30.72,30.52,30.29,-0.028,0.0175,9.7739,-0.239,-0.1753,0.1236,93,0,csv_replay
1,layout_6p3t_v1,foot_left_001,left,1004,134,1760000326800,0.2058,0.2141,0.188,0.1301,0.1977,0.1709,30.81,30.62,30.4,0.0052,-0.0288,9.7785,-0.1215,-0.291,-0.0152,95,0,csv_replay
1,layout_6p3t_v1,foot_right_001,right,1004,134,1760000326820,0.4975,0.526,0.4752,0.3333,0.5063,0.4459,30.67,30.49,30.29,-0.017,0.0088,9.7825,-0.1359,-0.2839,-0.1595,93,0,csv_replay
1,layout_6p3t_v1,foot_left_001,left,1004,135,1760000327000,0.1904,0.2066,0.1902,0.1277,0.1969,0.1721,30.78,30.61,30.43,-0.0042,0.0173,9.771,0.2296,-0.145,0.1906,95,0,csv_replay
1,layout_6p3t_v1,foot_right_001,right,1004,135,1760000327020,0.5075,0.5394,0.4805,0.3364,0.5101,0.4551,30.71,30.51,30.28,-0.017,-0.0077,9.7973,-0.0144,-0.1141,-0.1587,93,0,csv_replay
1,layout_6p3t_v1,foot_left_001,left,1004,136,1760000327200,0.2008,0.2082,0.1901,0.1247,0.1982,0.1689,30.8,30.62,30.4,-0.0184,-0.0167,9.7855,0.0748,0.089,-0.0587,95,0,csv_replay
1,layout_6p3t_v1,foot_right_001,right,1004,136,1760000327220,0.5021,0.5302,0.4746,0.335,0.4962,0.4458,30.71,30.5,30.29,0.021,0.0122,9.7737,0.2627,-0.1378,-0.0626,93,0,csv_replay
1,layout_6p3t_v1,foot_left_001,left,1004,137,1760000327400,0.1904,0.2149,0.1876,0.1251,0.2026,0.1784,30.79,30.63,30.39,-0.029,-0.0266,9.7892,0.1181,0.1927,0.1722,95,0,csv_replay
1,layout_6p3t_v1,foot_right_001,right,1004,137,1760000327420,0.4972,0.5241,0.4723,0.3358,0.5025,0.4513,30.68,30.54,30.29,0.0269,0.0135,9.7981,-0.0613,-0.24,-0.172,93,0,csv_replay
1,layout_6p3t_v1,foot_left_001,left,1004,138,1760000327600,0.1938,0.2064,0.1856,0.1276,0.1962,0.1741,30.79,30.6,30.42,-0.011,0.0295,9.8028,-0.1037,-0.2989,0.1406,95,0,csv_replay
1,layout_6p3t_v1,foot_right_001,right,1004,138,1760000327620,0.4968,0.5293,0.4769,0.3335,0.5067,0.4437,30.73,30.5,30.34,0.0039,0.0106,9.7873,0.0668,0.0601,0.0651,93,0,csv_replay
1,layout_6p3t_v1,foot_left_001,left,1004,139,1760000327800,0.1979,0.2082,0.1844,0.1396,0.1937,0.1802,30.79,30.61,30.42,0.0279,0.0162,9.7918,0.1807,-0.1426,0.0151,95,0,csv_replay
1,layout_6p3t_v1,foot_right_001,right,1004,139,1760000327820,0.5094,0.5398,0.4803,0.3349,0.4981,0.4461,30.7,30.5,30.29,0.0173,-0.0098,9.7933,0.2446,-0.1636,-0.1959,93,0,csv_replay
1,layout_6p3t_v1,foot_left_001,left,1004,140,1760000328000,0.193,0.2088,0.1936,0.1246,0.2029,0.1771,30.82,30.64,30.42,-0.009,-0.0158,9.7676,-0.0358,0.2725,0.0808,95,0,csv_replay
1,layout_6p3t_v1,foot_right_001,right,1004,140,1760000328020,0.5011,0.5242,0.4744,0.343,0.503,0.442,30.69,30.51,30.31,-0.024,0.0065,9.8096,-0.1612,-0.2103,-0.0255,93,0,csv_replay
1,layout_6p3t_v1,foot_left_001,left,1004,141,1760000328200,0.201,0.2035,0.1806,0.1379,0.1965,0.17,30.84,30.64,30.39,0.0287,0.0111,9.8265,-0.198,-0.1992,-0.0924,95,0,csv_replay
1,layout_6p3t_v1,foot_right_001,right,1004,141,1760000328220,0.5013,0.5346,0.4709,0.3416,0.4996,0.4425,30.75,30.51,30.3,-0.0178,0.0175,9.8365,-0.0776,-0.0795,0.054,93,0,csv_replay
1,layout_6p3t_v1,foot_left_001,left,1004,142,1760000328400,0.198,0.2022,0.1868,0.1272,0.1914,0.1724,30.8,30.6,30.45,0.015,0.0241,9.8222,0.09,0.2643,0.0018,95,0,csv_replay
1,layout_6p3t_v1,foot_right_001,right,1004,142,1760000328420,0.5101,0.5272,0.4786,0.3326,0.4973,0.4551,30.71,30.52,30.3,-0.0015,0.0046,9.8172,0.0808,-0.0282,0.0944,93,0,csv_replay
1,layout_6p3t_v1,foot_left_001,left,1004,143,1760000328600,0.1926,0.2126,0.1932,0.1248,0.2007,0.1828,30.81,30.66,30.42,-0.0033,-0.0074,9.8071,0.2419,-0.1836,0.1518,95,0,csv_replay
1,layout_6p3t_v1,foot_right_001,right,1004,143,1760000328620,0.5025,0.5359,0.4824,0.3409,0.4998,0.4548,30.75,30.55,30.34,-0.0191,0.0017,9.8229,-0.1606,0.1801,0.1809,93,0,csv_replay
1,layout_6p3t_v1,foot_left_001,left,1004,144,1760000328800,0.2047,0.2082,0.1806,0.1341,0.1955,0.1788,30.85,30.63,30.43,0.0158,0.0248,9.8154,0.0233,-0.1058,0.0705,95,0,csv_replay
1,layout_6p3t_v1,foot_right_001,right,1004,144,1760000328820,0.5101,0.5316,0.4767,0.3436,0.4977,0.4433,30.73,30.5,30.32,-0.0119,-0.0042,9.7893,0.205,0.0773,-0.1164,93,0,csv_replay
1,layout_6p3t_v1,foot_left_001,left,1004,145,1760000329000,0.1913,0.2067,0.1894,0.1359,0.1917,0.1817,30.84,30.65,30.44,0.0252,0.0242,9.777,0.1351,-0.1883,-0.0316,95,0,csv_replay
1,layout_6p3t_v1,foot_right_001,right,1004,145,1760000329020,0.4991,0.5375,0.4769,0.3378,0.5118,0.4463,30.76,30.54,30.36,0.016,-0.0176,9.8237,0.1977,0.1796,0.0063,93,0,csv_replay
1,layout_6p3t_v1,foot_left_001,left,1004,146,1760000329200,0.2006,0.2054,0.1901,0.126,0.1953,0.1744,30.81,30.66,30.46,-0.0139,0.0038,9.8218,0.2957,0.1205,0.1625,95,0,csv_replay
1,layout_6p3t_v1,foot_right_001,right,1004,146,1760000329220,0.5022,0.5338,0.4819,0.341,0.5054,0.4558,30.73,30.51,30.32,-0.0129,-0.0024,9.805,-0.1086,0.1865,-0.0313,93,0,csv_replay
1,layout_6p3t_v1,foot_left_001,left,1004,147,1760000329400,0.2002,0.2058,0.1909,0.1286,0.1904,0.1834,30.86,30.62,30.41,0.0255,-0.0041,9.8267,0.1788,-0.0441,0.0293,95,0,csv_replay
1,layout_6p3t_v1,foot_right_001,right,1004,147,1760000329420,0.5117,0.5364,0.4713,0.3394,0.4979,0.4516,30.74,30.54,30.33,0.023,-0.0134,9.8275,0.0519,0.0856,0.1817,93,0,csv_replay
1,layout_6p3t_v1,foot_left_001,left,1004,148,1760000329600,0.193,0.203,0.1797,0.1311,0.2057,0.1752,30.85,30.61,30.47,-0.0214,0.0052,9.7991,-0.2145,0.1803,-0.1129,95,0,csv_replay
1,layout_6p3t_v1,foot_right_001,right,1004,148,1760000329620,0.5106,0.5241,0.47,0.3414,0.4992,0.4502,30.75,30.55,30.37,-0.004,0.0275,9.8188,0.0931,-0.2611,0.157,93,0,csv_replay
1,layout_6p3t_v1,foot_left_001,left,1004,149,1760000329800,0.1989,0.211,0.1802,0.133,0.2049,0.1709,30.87,30.62,30.45,0.0293,0.017,9.7974,0.0129,-0.2573,-0.0084,95,0,csv_replay
1,layout_6p3t_v1,foot_right_001,right,1004,149,1760000329820,0.5038,0.5363,0.4732,0.3432,0.4962,0.4535,30.72,30.53,30.36,-0.0015,-0.026,9.7767,0.2966,-0.1954,0.1894,93,0,csv_replay
