protocol_version,sensor_layout_version,device_id,side,sync_id,packet_seq,timestamp_ms,p1,p2,p3,p4,p5,p6,t1,t2,t3,t4,ax,ay,az,gx,gy,gz,battery,quality_flags,source
1,layout_6p4t_v1,foot_left_001,left,1008,0,1760000700000,0.4482,0.4837,0.4977,0.3891,0.4982,0.4786,30.78,30.82,30.42,30.62,-0.0139,-0.0107,9.8437,-0.2892,-0.1316,-0.1,95,0,csv_replay
1,layout_6p4t_v1,foot_right_001,right,1008,0,1760000700020,0.1727,0.1855,0.2034,0.157,0.2005,0.193,30.62,30.76,30.33,30.54,0.0102,-0.0202,9.799,-0.0238,0.2716,-0.0326,93,0,csv_replay
1,layout_6p4t_v1,foot_left_001,left,1008,1,1760000700200,0.4559,0.4687,0.5053,0.3884,0.5091,0.4775,30.73,30.87,30.46,30.63,0.0216,0.0057,9.7903,0.1574,-0.1379,0.0475,95,0,csv_replay
1,layout_6p4t_v1,foot_right_001,right,1008,1,1760000700220,0.1809,0.1843,0.1983,0.1548,0.1989,0.187,30.63,30.74,30.33,30.58,0.0221,0.0167,9.7735,0.2099,0.1331,0.0048,93,0,csv_replay
1,layout_6p4t_v1,foot_left_001,left,1008,2,1760000700400,0.4482,0.4737,0.5105,0.3862,0.5016,0.4761,30.76,30.88,30.47,30.63,0.0252,0.004,9.841,-0.0801,-0.0341,-0.1291,95,0,csv_replay
1,layout_6p4t_v1,foot_right_001,right,1008,2,1760000700420,0.183,0.1806,0.1951,0.152,0.2047,0.1877,30.63,30.77,30.35,30.57,-0.0028,0.0285,9.7772,0.2756,-0.069,-0.0419,93,0,csv_replay
1,layout_6p4t_v1,foot_left_001,left,1008,3,1760000700600,0.4542,0.4691,0.5065,0.3845,0.511,0.4698,30.73,30.84,30.44,30.69,0.0079,-0.0074,9.7924,0.1905,0.2881,-0.1681,95,0,csv_replay
1,layout_6p4t_v1,foot_right_001,right,1008,3,1760000700620,0.1721,0.1869,0.2059,0.1613,0.2049,0.1941,30.63,30.75,30.36,30.53,-0.008,-0.0097,9.7733,-0.0502,0.0613,-0.0495,93,0,csv_replay
1,layout_6p4t_v1,foot_left_001,left,1008,4,1760000700800,0.4432,0.4734,0.5086,0.385,0.4965,0.4686,30.77,30.84,30.49,30.65,0.0018,0.0281,9.7884,0.1896,-0.2045,-0.095,95,0,csv_replay
1,layout_6p4t_v1,foot_right_001,right,1008,4,1760000700820,0.17,0.1809,0.204,0.1502,0.1974,0.1878,30.64,30.74,30.38,30.55,0.013,-0.0038,9.81,0.0385,-0.2644,-0.1179,93,0,csv_replay
1,layout_6p4t_v1,foot_left_001,left,1008,5,1760000701000,0.4531,0.48,0.5014,0.3848,0.4978,0.4827,30.78,30.85,30.48,30.69,0.0148,-0.0001,9.833,-0.1516,0.0235,-0.0132,95,0,csv_replay
1,layout_6p4t_v1,foot_right_001,right,1008,5,1760000701020,0.1782,0.1913,0.2059,0.1497,0.2048,0.1941,30.68,30.76,30.34,30.59,0.0104,0.006,9.7783,0.2851,0.0793,-0.1829,93,0,csv_replay
1,layout_6p4t_v1,foot_left_001,left,1008,6,1760000701200,0.444,0.4759,0.5076,0.3909,0.5024,0.4749,30.77,30.86,30.5,30.64,0.0274,0.0158,9.7902,0.1886,0.2394,-0.115,95,0,csv_replay
1,layout_6p4t_v1,foot_right_001,right,1008,6,1760000701220,0.1736,0.1806,0.1904,0.1597,0.2046,0.1915,30.68,30.76,30.39,30.56,0.0236,-0.0083,9.7725,-0.1361,0.0647,-0.0099,93,0,csv_replay
1,layout_6p4t_v1,foot_left_001,left,1008,7,1760000701400,0.4468,0.4689,0.5076,0.3941,0.5063,0.4705,30.8,30.9,30.48,30.7,-0.025,0.0014,9.7915,0.0158,0.1727,0.018,95,0,csv_replay
1,layout_6p4t_v1,foot_right_001,right,1008,7,1760000701420,0.1736,0.1919,0.1976,0.1485,0.1981,0.1794,30.7,30.77,30.34,30.55,0.0003,0.0074,9.8284,0.059,-0.2474,0.119,93,0,csv_replay
1,layout_6p4t_v1,foot_left_001,left,1008,8,1760000701600,0.444,0.483,0.4998,0.3842,0.4976,0.4799,30.8,30.9,30.47,30.7,0.0122,0.0054,9.7994,-0.279,0.2433,-0.1345,95,0,csv_replay
1,layout_6p4t_v1,foot_right_001,right,1008,8,1760000701620,0.1761,0.1864,0.2015,0.1584,0.201,0.1917,30.67,30.77,30.4,30.6,-0.014,-0.0217,9.8297,0.2658,-0.2908,0.122,93,0,csv_replay
1,layout_6p4t_v1,foot_left_001,left,1008,9,1760000701800,0.4556,0.4762,0.4988,0.3876,0.5087,0.4718,30.76,30.89,30.48,30.7,0.0048,0.0005,9.8145,0.1389,0.284,0.1273,95,0,csv_replay
1,layout_6p4t_v1,foot_right_001,right,1008,9,1760000701820,0.1794,0.1933,0.191,0.1523,0.1933,0.1851,30.67,30.79,30.4,30.6,0.0224,0.0022,9.7991,-0.1151,-0.0121,-0.0889,93,0,csv_replay
1,layout_6p4t_v1,foot_left_001,left,1008,10,1760000702000,0.4452,0.4697,0.5095,0.3965,0.5034,0.4831,30.8,30.85,30.48,30.66,-0.0234,-0.02,9.767,-0.1931,-0.1952,0.1418,95,0,csv_replay
1,layout_6p4t_v1,foot_right_001,right,1008,10,1760000702020,0.177,0.1881,0.1914,0.1544,0.2043,0.1866,30.68,30.79,30.4,30.57,0.0093,0.0107,9.8141,0.2058,-0.1156,-0.026,93,0,csv_replay
1,layout_6p4t_v1,foot_left_001,left,1008,11,1760000702200,0.4407,0.4765,0.5022,0.398,0.4998,0.4833,30.77,30.88,30.49,30.71,-0.0253,-0.0229,9.8011,-0.0739,-0.0756,0.0297,95,0,csv_replay
1,layout_6p4t_v1,foot_right_001,right,1008,11,1760000702220,0.1683,0.1843,0.204,0.1554,0.1953,0.1886,30.71,30.79,30.37,30.61,0.0087,0.0236,9.8106,0.0924,-0.2445,-0.1559,93,0,csv_replay
1,layout_6p4t_v1,foot_left_001,left,1008,12,1760000702400,0.4548,0.4697,0.504,0.3849,0.5118,0.4689,30.78,30.89,30.47,30.72,-0.0145,-0.0288,9.7899,0.2892,0.0809,-0.1107,95,0,csv_replay
1,layout_6p4t_v1,foot_right_001,right,1008,12,1760000702420,0.1788,0.1927,0.1926,0.1487,0.1994,0.1913,30.69,30.76,30.38,30.57,0.0073,0.0154,9.8119,0.2737,-0.0028,0.1941,93,0,csv_replay
1,layout_6p4t_v1,foot_left_001,left,1008,13,1760000702600,0.446,0.4837,0.4991,0.3948,0.4992,0.4757,30.79,30.87,30.49,30.69,0.0288,-0.0018,9.8354,-0.0681,-0.145,0.0629,95,0,csv_replay
1,layout_6p4t_v1,foot_right_001,right,1008,13,1760000702620,0.171,0.186,0.1985,0.15,0.1991,0.1856,30.67,30.78,30.36,30.61,0.0102,0.0208,9.773,0.2776,-0.2079,-0.1419,93,0,csv_replay
1,layout_6p4t_v1,foot_left_001,left,1008,14,1760000702800,0.4487,0.4738,0.4971,0.3953,0.508,0.4796,30.81,30.88,30.5,30.68,-0.0021,0.0076,9.8089,-0.1457,-0.2732,-0.1919,95,0,csv_replay
1,layout_6p4t_v1,foot_right_001,right,1008,14,1760000702820,0.1826,0.1792,0.1904,0.1589,0.1908,0.1914,30.71,30.8,30.39,30.62,-0.0099,-0.0058,9.8055,-0.0803,-0.2965,-0.0454,93,0,csv_replay
1,layout_6p4t_v1,foot_left_001,left,1008,15,1760000703000,0.4444,0.4782,0.4976,0.3874,0.5118,0.4809,30.78,30.9,30.51,30.69,-0.0264,-0.0165,9.8157,-0.0253,-0.2873,0.151,95,0,csv_replay
1,layout_6p4t_v1,foot_right_001,right,1008,15,1760000703020,0.1741,0.1802,0.2011,0.1536,0.1935,0.1908,30.71,30.82,30.4,30.6,-0.0226,0.0185,9.8422,-0.0875,-0.2389,0.0457,93,0,csv_replay
1,layout_6p4t_v1,foot_left_001,left,1008,16,1760000703200,0.4404,0.4806,0.5036,0.3975,0.5094,0.4806,30.8,30.88,30.51,30.67,0.0068,-0.0164,9.832,-0.2801,0.0844,0.0145,95,0,csv_replay
1,layout_6p4t_v1,foot_right_001,right,1008,16,1760000703220,0.1804,0.1879,0.1946,0.1526,0.1936,0.1823,30.71,30.79,30.4,30.59,-0.0212,-0.0236,9.8445,0.1595,0.0902,-0.0212,93,0,csv_replay
1,layout_6p4t_v1,foot_left_001,left,1008,17,1760000703400,0.4444,0.4825,0.5032,0.3895,0.4994,0.48,30.81,30.9,30.53,30.68,-0.0169,0.0129,9.7739,0.0978,0.235,-0.1832,95,0,csv_replay
1,layout_6p4t_v1,foot_right_001,right,1008,17,1760000703420,0.1687,0.1916,0.1956,0.1604,0.2033,0.1872,30.69,30.79,30.43,30.62,-0.0124,-0.0147,9.7824,-0.1243,0.2671,0.0672,93,0,csv_replay
1,layout_6p4t_v1,foot_left_001,left,1008,18,1760000703600,0.4502,0.473,0.5046,0.3967,0.5093,0.4694,30.79,30.92,30.51,30.72,0.0221,-0.0127,9.7913,0.0289,-0.1406,-0.0482,95,0,csv_replay
1,layout_6p4t_v1,foot_right_001,right,1008,18,1760000703620,0.1812,0.1799,0.2038,0.1524,0.2011,0.181,30.73,30.81,30.42,30.61,-0.0203,0.0154,9.7933,0.1931,0.0406,0.131,93,0,csv_replay
1,layout_6p4t_v1,foot_left_001,left,1008,19,1760000703800,0.4412,0.4758,0.5013,0.3964,0.5105,0.4817,30.8,30.89,30.48,30.72,0.0251,-0.0154,9.8445,-0.0157,0.2411,-0.0746,95,0,csv_replay
1,layout_6p4t_v1,foot_right_001,right,1008,19,1760000703820,0.1702,0.1812,0.2006,0.1488,0.2001,0.1814,30.73,30.79,30.39,30.61,-0.0055,0.0166,9.7686,0.1358,0.0347,-0.025,93,0,csv_replay
1,layout_6p4t_v1,foot_left_001,left,1008,20,1760000704000,0.4542,0.4705,0.5051,0.3939,0.496,0.4733,30.81,30.92,30.51,30.71,0.0069,0.026,9.7788,0.297,0.2089,-0.0217,95,0,csv_replay
1,layout_6p4t_v1,foot_right_001,right,1008,20,1760000704020,0.1734,0.1814,0.193,0.1568,0.2046,0.1949,30.71,30.81,30.39,30.61,0.0069,0.0079,9.7826,0.1882,-0.2231,-0.1603,93,0,csv_replay
1,layout_6p4t_v1,foot_left_001,left,1008,21,1760000704200,0.4477,0.4689,0.4971,0.3962,0.4981,0.4731,30.81,30.92,30.49,30.73,-0.0156,0.0178,9.8396,-0.2484,-0.1307,0.0114,95,0,csv_replay
1,layout_6p4t_v1,foot_right_001,right,1008,21,1760000704220,0.1756,0.1809,0.2045,0.1607,0.1967,0.1936,30.7,30.8,30.42,30.61,0.0055,0.0043,9.846,-0.1816,0.1864,-0.0219,93,0,csv_replay
1,layout_6p4t_v1,foot_left_001,left,1008,22,1760000704400,0.446,0.4711,0.5061,0.3995,0.503,0.4762,30.83,30.93,30.49,30.7,0.0044,-0.0188,9.8072,-0.1991,-0.273,-0.1629,95,0,csv_replay
1,layout_6p4t_v1,foot_right_001,right,1008,22,1760000704420,0.1738,0.1933,0.1954,0.1486,0.1971,0.1913,30.73,30.83,30.39,30.61,-0.0209,0.0065,9.8462,-0.0493,0.0577,-0.1852,93,0,csv_replay
1,layout_6p4t_v1,foot_left_001,left,1008,23,1760000704600,0.4407,0.4746,0.5034,0.3934,0.503,0.4703,30.82,30.89,30.49,30.72,0.0029,-0.0008,9.8372,0.0277,0.0084,-0.0706,95,0,csv_replay
1,layout_6p4t_v1,foot_right_001,right,1008,23,1760000704620,0.1745,0.1926,0.2023,0.1477,0.2053,0.1877,30.74,30.84,30.42,30.61,0.0125,-0.0268,9.8204,0.2142,0.0094,-0.011,93,0,csv_replay
1,layout_6p4t_v1,foot_left_001,left,1008,24,1760000704800,0.4558,0.4821,0.502,0.39,0.5059,0.4732,30.84,30.93,30.54,30.7,-0.0083,0.0209,9.7993,0.2939,-0.0748,0.155,95,0,csv_replay
1,layout_6p4t_v1,foot_right_001,right,1008,24,1760000704820,0.18,0.1903,0.1967,0.1481,0.2031,0.194,30.7,30.84,30.41,30.6,0.0099,-0.0033,9.8297,0.1535,0.2476,-0.0951,93,0,csv_replay
1,layout_6p4t_v1,foot_left_001,left,1008,25,1760000705000,0.4404,0.4812,0.4972,0.3951,0.51,0.4819,30.84,30.92,30.5,30.69,0.0118,0.0142,9.8425,0.0657,-0.1675,-0.144,95,0,csv_replay
1,layout_6p4t_v1,foot_right_001,right,1008,25,1760000705020,0.1838,0.1813,0.1944,0.1588,0.1915,0.1835,30.73,30.8,30.43,30.61,0.0281,0.003,9.7866,-0.2436,0.1009,0.1164,93,0,csv_replay
1,layout_6p4t_v1,foot_left_001,left,1008,26,1760000705200,0.4453,0.4797,0.5088,0.3971,0.5013,0.4716,30.85,30.89,30.49,30.72,0.0179,-0.0279,9.7966,-0.1895,-0.1752,0.0583,95,0,csv_replay
1,layout_6p4t_v1,foot_right_001,right,1008,26,1760000705220,0.1783,0.1834,0.2036,0.1554,0.1913,0.183,30.69,30.83,30.42,30.62,-0.0272,-0.0143,9.8457,0.1223,-0.2865,0.106,93,0,csv_replay
1,layout_6p4t_v1,foot_left_001,left,1008,27,1760000705400,0.4539,0.4681,0.5004,0.3891,0.4968,0.4718,30.8,30.93,30.51,30.73,0.0054,0.0159,9.7963,0.1044,0.088,-0.1381,95,0,csv_replay
1,layout_6p4t_v1,foot_right_001,right,1008,27,1760000705420,0.1751,0.1902,0.1946,0.1589,0.1997,0.1829,30.75,30.8,30.43,30.62,0.0278,-0.0143,9.7827,-0.272,0.0597,-0.1573,93,0,csv_replay
1,layout_6p4t_v1,foot_left_001,left,1008,28,1760000705600,0.4418,0.4716,0.5056,0.3986,0.4996,0.4751,30.82,30.9,30.5,30.71,0.0237,-0.023,9.7714,0.2808,0.2775,-0.0849,95,0,csv_replay
1,layout_6p4t_v1,foot_right_001,right,1008,28,1760000705620,0.1785,0.1902,0.1966,0.1562,0.1978,0.1943,30.7,30.83,30.41,30.61,0.0185,-0.0018,9.8141,-0.2864,-0.2444,0.0482,93,0,csv_replay
1,layout_6p4t_v1,foot_left_001,left,1008,29,1760000705800,0.4404,0.4792,0.5,0.3856,0.5087,0.4819,30.82,30.91,30.5,30.71,-0.0225,-0.0297,9.8329,0.0471,-0.0178,-0.0949,95,0,csv_replay
1,layout_6p4t_v1,foot_right_001,right,1008,29,1760000705820,0.1692,0.194,0.2003,0.1462,0.1964,0.1899,30.7,30.84,30.43,30.64,0.004,-0.006,9.7808,0.0184,-0.0478,-0.1829,93,0,csv_replay
1,layout_6p4t_v1,foot_left_001,left,1008,30,1760000706000,0.443,0.4717,0.5049,0.3886,0.5113,0.4722,30.81,30.91,30.55,30.73,-0.0128,-0.0167,9.7749,0.1886,0.1623,0.1305,95,0,csv_replay
1,layout_6p4t_v1,foot_right_001,right,1008,30,1760000706020,0.1788,0.1834,0.2009,0.1611,0.2031,0.1795,30.7,30.84,30.45,30.6,0.0267,-0.0234,9.822,-0.2402,0.0248,-0.1098,93,0,csv_replay
1,layout_6p4t_v1,foot_left_001,left,1008,31,1760000706200,0.4541,0.4727,0.4971,0.3947,0.4978,0.4694,30.82,30.93,30.56,30.74,-0.028,0.0099,9.8225,-0.1164,0.2806,-0.0794,95,0,csv_replay
1,layout_6p4t_v1,foot_right_001,right,1008,31,1760000706220,0.176,0.1798,0.1977,0.1473,0.205,0.193,30.71,30.85,30.41,30.65,-0.0088,0.0123,9.7677,0.2847,0.046,0.0718,93,0,csv_replay
1,layout_6p4t_v1,foot_left_001,left,1008,32,1760000706400,0.4434,0.4751,0.4973,0.3928,0.496,0.4829,30.85,30.93,30.53,30.72,0.0063,0.0198,9.8459,-0.2668,-0.158,0.0389,95,0,csv_replay
1,layout_6p4t_v1,foot_right_001,right,1008,32,1760000706420,0.1693,0.1801,0.1933,0.1573,0.1957,0.1942,30.74,30.81,30.46,30.6,-0.0138,0.011,9.8158,0.1402,-0.0756,0.1106,93,0,csv_replay
1,layout_6p4t_v1,foot_left_001,left,1008,33,1760000706600,0.4472,0.4816,0.5078,0.3841,0.5028,0.478,30.84,30.93,30.5,30.76,0.0228,-0.0124,9.8148,0.1264,-0.0304,-0.0961,95,0,csv_replay
1,layout_6p4t_v1,foot_right_001,right,1008,33,1760000706620,0.1823,0.1939,0.1921,0.1519,0.2035,0.1942,30.75,30.84,30.45,30.64,-0.0072,-0.0023,9.824,-0.1493,-0.0072,0.088,93,0,csv_replay
1,layout_6p4t_v1,foot_left_001,left,1008,34,1760000706800,0.4438,0.4688,0.5011,0.3968,0.4987,0.4685,30.84,30.94,30.53,30.72,0.0261,-0.0195,9.7979,-0.0891,0.1546,-0.1511,95,0,csv_replay
1,layout_6p4t_v1,foot_right_001,right,1008,34,1760000706820,0.1711,0.1886,0.2013,0.1484,0.196,0.1876,30.75,30.84,30.41,30.64,-0.0047,0.0073,9.7802,0.1994,-0.097,0.0232,93,0,csv_replay
1,layout_6p4t_v1,foot_left_001,left,1008,35,1760000707000,0.4405,0.48,0.5064,0.3908,0.496,0.4794,30.83,30.96,30.55,30.76,-0.0215,-0.0081,9.791,-0.1774,0.1229,0.0341,95,0,csv_replay
1,layout_6p4t_v1,foot_right_001,right,1008,35,1760000707020,0.1778,0.1841,0.1958,0.1556,0.1986,0.1848,30.72,30.81,30.45,30.62,-0.0006,0.001,9.795,-0.0109,0.016,0.0192,93,0,csv_replay
1,layout_6p4t_v1,foot_left_001,left,1008,36,1760000707200,0.4408,0.4767,0.498,0.3918,0.4998,0.4694,30.86,30.95,30.53,30.73,-0.0282,-0.0247,9.787,0.1984,0.2434,0.0572,95,0,csv_replay
1,layout_6p4t_v1,foot_right_001,right,1008,36,1760000707220,0.182,0.1939,0.1974,0.1464,0.1917,0.1861,30.73,30.81,30.43,30.61,-0.0199,-0.0241,9.8337,-0.0908,-0.1425,-0.0502,93,0,csv_replay
1,layout_6p4t_v1,foot_left_001,left,1008,37,1760000707400,0.4468,0.4718,0.5017,0.3889,0.5084,0.4779,30.81,30.92,30.51,30.71,-0.0235,-0.003,9.8442,0.0942,-0.0538,0.1008,95,0,csv_replay
1,layout_6p4t_v1,foot_right_001,right,1008,37,1760000707420,0.1781,0.1844,0.1908,0.1507,0.199,0.1809,30.72,30.85,30.42,30.65,-0.0085,-0.02,9.844,0.255,-0.1138,0.1736,93,0,csv_replay
1,layout_6p4t_v1,foot_left_001,left,1008,38,1760000707600,0.4509,0.4708,0.4994,0.3941,0.5033,0.4771,30.83,30.92,30.55,30.75,0.0145,0.0119,9.7686,0.161,-0.0486,-0.1691,95,0,csv_replay
1,layout_6p4t_v1,foot_right_001,right,1008,38,1760000707620,0.179,0.1903,0.1996,0.1478,0.1932,0.1793,30.71,30.81,30.44,30.64,0.0062,0.0129,9.8231,0.253,0.0565,0.0526,93,0,csv_replay
1,layout_6p4t_v1,foot_left_001,left,1008,39,1760000707800,0.4504,0.4719,0.4989,0.3935,0.5078,0.4758,30.82,30.96,30.54,30.72,-0.0132,-0.0171,9.7801,0.1475,-0.0031,0.1983,95,0,csv_replay
1,layout_6p4t_v1,foot_right_001,right,1008,39,1760000707820,0.1783,0.1806,0.2049,0.1611,0.1929,0.1924,30.74,30.85,30.46,30.6,0.0131,0.0246,9.8302,0.0342,0.1703,0.0443,93,0,csv_replay
1,layout_6p4t_v1,foot_left_001,left,1008,40,1760000708000,0.4516,0.4695,0.498,0.3975,0.5047,0.4748,30.82,30.93,30.5,30.75,-0.021,-0.0009,9.8038,-0.0017,-0.0788,0.0508,95,0,csv_replay
1,layout_6p4t_v1,foot_right_001,right,1008,40,1760000708020,0.1688,0.1809,0.1948,0.1616,0.1993,0.1818,30.7,30.85,30.41,30.63,-0.0132,0.0271,9.7934,-0.2129,0.1722,-0.1718,93,0,csv_replay
1,layout_6p4t_v1,foot_left_001,left,1008,41,1760000708200,0.446,0.4692,0.5048,0.399,0.51,0.4749,30.85,30.91,30.5,30.7,0.0178,0.0254,9.8138,-0.0436,0.2532,0.0114,95,0,csv_replay
1,layout_6p4t_v1,foot_right_001,right,1008,41,1760000708220,0.179,0.1803,0.1924,0.1597,0.1993,0.1906,30.75,30.84,30.45,30.63,-0.0096,0.0127,9.7681,-0.2542,-0.0165,0.0566,93,0,csv_replay
1,layout_6p4t_v1,foot_left_001,left,1008,42,1760000708400,0.4558,0.47,0.497,0.3948,0.5046,0.4745,30.85,30.91,30.56,30.74,0.0097,-0.0162,9.7787,0.2766,0.2567,0.0442,95,0,csv_replay
1,layout_6p4t_v1,foot_right_001,right,1008,42,1760000708420,0.1703,0.1933,0.1921,0.1471,0.2046,0.1843,30.74,30.83,30.45,30.66,-0.0169,0.0056,9.7843,-0.1079,-0.0685,0.1115,93,0,csv_replay
1,layout_6p4t_v1,foot_left_001,left,1008,43,1760000708600,0.4476,0.472,0.5017,0.3975,0.5049,0.4689,30.81,30.91,30.53,30.71,-0.0257,0.0191,9.8364,-0.1008,-0.0046,0.0096,95,0,csv_replay
1,layout_6p4t_v1,foot_right_001,right,1008,43,1760000708620,0.1794,0.1861,0.1956,0.1531,0.1947,0.1855,30.74,30.82,30.46,30.63,0.0221,0.0252,9.814,0.2918,0.1573,-0.1429,93,0,csv_replay
1,layout_6p4t_v1,foot_left_001,left,1008,44,1760000708800,0.4486,0.4747,0.5045,0.3877,0.5037,0.4716,30.82,30.95,30.55,30.71,0.029,0.0251,9.7764,0.1735,-0.0914,0.0841,95,0,csv_replay
1,layout_6p4t_v1,foot_right_001,right,1008,44,1760000708820,0.169,0.1885,0.1992,0.1587,0.2003,0.1794,30.73,30.82,30.42,30.65,-0.0066,0.0124,9.837,-0.0294,-0.2078,-0.0877,93,0,csv_replay
1,layout_6p4t_v1,foot_left_001,left,1008,45,1760000709000,0.4439,0.4828,0.501,0.397,0.5083,0.4794,30.81,30.9,30.5,30.74,-0.019,-0.0178,9.8078,0.1514,0.0146,0.075,95,0,csv_replay
1,layout_6p4t_v1,foot_right_001,right,1008,45,1760000709020,0.1741,0.181,0.2055,0.1483,0.1983,0.1934,30.74,30.81,30.41,30.6,-0.0103,0.0192,9.812,0.2125,-0.2639,-0.1262,93,0,csv_replay
1,layout_6p4t_v1,foot_left_001,left,1008,46,1760000709200,0.4464,0.4734,0.499,0.3855,0.5042,0.4792,30.84,30.9,30.5,30.74,-0.0073,0.0077,9.8183,0.2541,0.1598,-0.1563,95,0,csv_replay
1,layout_6p4t_v1,foot_right_001,right,1008,46,1760000709220,0.1762,0.1939,0.1971,0.1572,0.1994,0.1916,30.7,30.85,30.4,30.6,-0.0128,-0.0138,9.8286,0.1525,-0.2436,-0.1609,93,0,csv_replay
1,layout_6p4t_v1,foot_left_001,left,1008,47,1760000709400,0.4526,0.4757,0.5016,0.3964,0.502,0.4683,30.81,30.95,30.5,30.73,0.0024,0.0117,9.8091,0.1929,-0.1079,0.1666,95,0,csv_replay
1,layout_6p4t_v1,foot_right_001,right,1008,47,1760000709420,0.1799,0.1795,0.2028,0.153,0.192,0.1851,30.69,30.82,30.45,30.62,0.0136,-0.0271,9.8434,0.0348,0.0528,0.0342,93,0,csv_replay
1,layout_6p4t_v1,foot_left_001,left,1008,48,1760000709600,0.4512,0.478,0.5039,0.3907,0.5009,0.4708,30.84,30.94,30.53,30.72,0.0019,0.0222,9.8375,-0.2674,0.1304,0.0177,95,0,csv_replay
1,layout_6p4t_v1,foot_right_001,right,1008,48,1760000709620,0.1827,0.1801,0.1974,0.1527,0.1938,0.1917,30.75,30.79,30.42,30.62,-0.0097,0.0156,9.7736,-0.1763,-0.2296,-0.1746,93,0,csv_replay
1,layout_6p4t_v1,foot_left_001,left,1008,49,1760000709800,0.4509,0.4692,0.4993,0.3878,0.5109,0.4829,30.83,30.94,30.5,30.72,-0.0287,0.0193,9.8303,0.0849,0.258,-0.1097,95,0,csv_replay
1,layout_6p4t_v1,foot_right_001,right,1008,49,1760000709820,0.1744,0.1791,0.193,0.1614,0.1942,0.1805,30.7,30.8,30.39,30.6,0.0056,-0.0063,9.829,-0.0084,0.2124,-0.1245,93,0,csv_replay
1,layout_6p4t_v1,foot_left_001,left,1008,50,1760000710000,0.4402,0.4694,0.5028,0.3957,0.5119,0.4751,30.83,30.94,30.52,30.71,0.0067,-0.022,9.8429,0.1704,0.0709,0.1524,95,0,csv_replay
1,layout_6p4t_v1,foot_right_001,right,1008,50,1760000710020,0.1733,0.1869,0.1913,0.1595,0.1929,0.1895,30.69,30.82,30.4,30.65,0.0263,0.0015,9.8229,-0.1307,0.1659,-0.1647,93,0,csv_replay
1,layout_6p4t_v1,foot_left_001,left,1008,51,1760000710200,0.4437,0.4705,0.5077,0.3933,0.5114,0.4682,30.81,30.94,30.51,30.74,-0.0212,0.0116,9.8332,0.2909,-0.1108,-0.1323,95,0,csv_replay
1,layout_6p4t_v1,foot_right_001,right,1008,51,1760000710220,0.1796,0.1797,0.2028,0.1602,0.1933,0.1846,30.73,30.81,30.42,30.61,0.0199,0.0049,9.7702,0.0211,0.0616,0.063,93,0,csv_replay
1,layout_6p4t_v1,foot_left_001,left,1008,52,1760000710400,0.4415,0.474,0.5007,0.3976,0.5061,0.4837,30.83,30.89,30.52,30.74,-0.0232,-0.0238,9.8279,0.1418,0.0773,0.0838,95,0,csv_replay
1,layout_6p4t_v1,foot_right_001,right,1008,52,1760000710420,0.1684,0.1829,0.2058,0.1611,0.2017,0.1849,30.7,30.84,30.41,30.61,0.0213,-0.0064,9.835,0.0654,-0.1217,-0.0488,93,0,csv_replay
1,layout_6p4t_v1,foot_left_001,left,1008,53,1760000710600,0.4518,0.4685,0.4973,0.3873,0.5016,0.4709,30.8,30.89,30.52,30.74,0.01,-0.0189,9.8408,0.0512,-0.1139,-0.0824,95,0,csv_replay
1,layout_6p4t_v1,foot_right_001,right,1008,53,1760000710620,0.1729,0.191,0.1925,0.1551,0.2011,0.1823,30.73,30.84,30.41,30.62,0.0012,0.0173,9.8221,-0.1146,0.2557,-0.0642,93,0,csv_replay
1,layout_6p4t_v1,foot_left_001,left,1008,54,1760000710800,0.4548,0.4797,0.5,0.3938,0.5011,0.4751,30.8,30.92,30.48,30.69,-0.0205,0.0092,9.8001,-0.2507,-0.1807,-0.0251,95,0,csv_replay
1,layout_6p4t_v1,foot_right_001,right,1008,54,1760000710820,0.1809,0.1806,0.1991,0.1491,0.2045,0.1807,30.73,30.82,30.43,30.59,-0.0174,-0.0022,9.7811,-0.2117,-0.1836,0.1199,93,0,csv_replay
1,layout_6p4t_v1,foot_left_001,left,1008,55,1760000711000,0.4537,0.4783,0.5035,0.3988,0.4998,0.4685,30.78,30.9,30.49,30.68,-0.0222,-0.0096,9.843,0.267,0.006,-0.0435,95,0,csv_replay
1,layout_6p4t_v1,foot_right_001,right,1008,55,1760000711020,0.1776,0.1847,0.201,0.1532,0.1954,0.1873,30.69,30.8,30.44,30.58,0.0153,-0.0017,9.7946,-0.075,-0.2225,0.1494,93,0,csv_replay
1,layout_6p4t_v1,foot_left_001,left,1008,56,1760000711200,0.4526,0.4822,0.5077,0.3955,0.4978,0.4799,30.81,30.9,30.49,30.71,0.0006,-0.0057,9.7941,0.178,-0.1151,0.0876,95,0,csv_replay
1,layout_6p4t_v1,foot_right_001,right,1008,56,1760000711220,0.1833,0.1791,0.2034,0.1599,0.2011,0.1821,30.68,30.8,30.4,30.58,-0.0131,0.0232,9.8154,-0.2333,0.0287,-0.1235,93,0,csv_replay
1,layout_6p4t_v1,foot_left_001,left,1008,57,1760000711400,0.4454,0.4697,0.5079,0.3844,0.5092,0.4709,30.8,30.88,30.51,30.7,-0.0192,-0.028,9.8405,0.1641,-0.069,0.116,95,0,csv_replay
1,layout_6p4t_v1,foot_right_001,right,1008,57,1760000711420,0.1772,0.1792,0.1927,0.1483,0.1964,0.1825,30.68,30.83,30.38,30.63,0.0075,-0.0051,9.7976,-0.0613,0.1483,-0.0598,93,0,csv_replay
1,layout_6p4t_v1,foot_left_001,left,1008,58,1760000711600,0.4479,0.4812,0.5093,0.3863,0.5049,0.4809,30.83,30.92,30.48,30.68,0.0056,0.0017,9.768,-0.0951,-0.0243,0.061,95,0,csv_replay
1,layout_6p4t_v1,foot_right_001,right,1008,58,1760000711620,0.1836,0.1856,0.2025,0.1466,0.1973,0.1881,30.71,30.78,30.39,30.63,0.0105,-0.0117,9.8238,0.0426,-0.2931,0.1911,93,0,csv_replay
1,layout_6p4t_v1,foot_left_001,left,1008,59,1760000711800,0.4479,0.4738,0.501,0.3864,0.5028,0.4758,30.79,30.92,30.49,30.68,0.0195,-0.0153,9.8297,0.058,-0.2887,-0.0765,95,0,csv_replay
1,layout_6p4t_v1,foot_right_001,right,1008,59,1760000711820,0.1735,0.185,0.1976,0.156,0.1965,0.1879,30.72,30.79,30.38,30.59,-0.0064,0.017,9.8187,-0.2444,0.1046,0.0922,93,0,csv_replay
1,layout_6p4t_v1,foot_left_001,left,1008,60,1760000712000,0.4412,0.4756,0.5013,0.3927,0.4978,0.4794,30.79,30.88,30.5,30.69,-0.02,-0.0255,9.8028,0.1116,-0.2506,0.1081,95,0,csv_replay
1,layout_6p4t_v1,foot_right_001,right,1008,60,1760000712020,0.1839,0.1863,0.2022,0.1572,0.1932,0.1884,30.71,30.79,30.41,30.6,-0.0036,-0.0077,9.8001,-0.1574,0.2099,-0.0002,93,0,csv_replay
1,layout_6p4t_v1,foot_left_001,left,1008,61,1760000712200,0.4413,0.4715,0.4926,0.3857,0.4909,0.4675,30.77,30.9,30.51,30.72,0.0225,-0.0211,9.8126,0.1602,0.107,-0.0562,95,0,csv_replay
1,layout_6p4t_v1,foot_right_001,right,1008,61,1760000712220,0.173,0.1901,0.1971,0.1627,0.1939,0.1931,30.67,30.8,30.38,30.56,0.0194,0.0058,9.8406,-0.1114,0.2475,-0.1715,93,0,csv_replay
1,layout_6p4t_v1,foot_left_001,left,1008,62,1760000712400,0.4442,0.4685,0.4943,0.3779,0.4896,0.4636,30.79,30.92,30.47,30.72,-0.0104,-0.0081,9.7671,0.0406,0.0911,-0.1046,95,0,csv_replay
1,layout_6p4t_v1,foot_right_001,right,1008,62,1760000712420,0.1837,0.1944,0.2137,0.1553,0.2003,0.2019,30.71,30.8,30.42,30.6,-0.0083,0.0058,9.8281,0.1972,-0.0666,-0.0867,93,0,csv_replay
1,layout_6p4t_v1,foot_left_001,left,1008,63,1760000712600,0.4274,0.455,0.4846,0.3745,0.4861,0.4597,30.79,30.91,30.48,30.71,0.0192,0.0261,9.7967,0.19,0.0551,-0.1122,95,0,csv_replay
1,layout_6p4t_v1,foot_right_001,right,1008,63,1760000712620,0.1863,0.2017,0.2077,0.1687,0.2057,0.2048,30.7,30.78,30.39,30.58,0.0075,-0.0264,9.7979,0.0298,0.0416,-0.0591,93,0,csv_replay
1,layout_6p4t_v1,foot_left_001,left,1008,64,1760000712800,0.4248,0.4606,0.4743,0.3735,0.4779,0.4472,30.77,30.9,30.51,30.68,-0.0151,-0.0059,9.8321,0.1156,0.0374,-0.1324,95,0,csv_replay
1,layout_6p4t_v1,foot_right_001,right,1008,64,1760000712820,0.1893,0.2009,0.2163,0.165,0.217,0.2034,30.66,30.79,30.4,30.57,0.0032,0.0222,9.7836,0.063,0.0278,0.1461,93,0,csv_replay
1,layout_6p4t_v1,foot_left_001,left,1008,65,1760000713000,0.4182,0.4449,0.4762,0.3644,0.4768,0.4413,30.79,30.89,30.46,30.69,0.0132,-0.0216,9.7679,0.1309,-0.1687,-0.0053,95,0,csv_replay
1,layout_6p4t_v1,foot_right_001,right,1008,65,1760000713020,0.1942,0.2114,0.2237,0.1647,0.2115,0.2017,30.67,30.78,30.4,30.59,0.0048,0.0173,9.7752,-0.197,0.1553,-0.1795,93,0,csv_replay
1,layout_6p4t_v1,foot_left_001,left,1008,66,1760000713200,0.4088,0.4447,0.4657,0.3718,0.4716,0.4377,30.79,30.85,30.47,30.68,-0.019,0.021,9.7856,0.013,-0.0437,0.0382,95,0,csv_replay
1,layout_6p4t_v1,foot_right_001,right,1008,66,1760000713220,0.1926,0.2111,0.2171,0.169,0.2258,0.204,30.71,30.8,30.41,30.61,-0.0178,-0.0007,9.842,-0.1245,-0.1051,-0.1151,93,0,csv_replay
1,layout_6p4t_v1,foot_left_001,left,1008,67,1760000713400,0.4144,0.4335,0.4686,0.3631,0.454,0.4364,30.75,30.9,30.45,30.68,0.0218,0.0117,9.7879,-0.0144,-0.2058,-0.048,95,0,csv_replay
1,layout_6p4t_v1,foot_right_001,right,1008,67,1760000713420,0.1994,0.21,0.2179,0.1691,0.2247,0.2152,30.7,30.76,30.37,30.58,-0.0251,-0.0008,9.8272,-0.2576,0.0856,-0.1938,93,0,csv_replay
1,layout_6p4t_v1,foot_left_001,left,1008,68,1760000713600,0.4072,0.4351,0.4605,0.3524,0.4505,0.4274,30.77,30.86,30.49,30.69,-0.0004,-0.0112,9.8264,-0.2368,0.1542,-0.06,95,0,csv_replay
1,layout_6p4t_v1,foot_right_001,right,1008,68,1760000713620,0.2041,0.2176,0.2343,0.1768,0.2305,0.2215,30.68,30.77,30.39,30.56,0.0203,0.0213,9.7835,0.1615,-0.2819,0.1347,93,0,csv_replay
1,layout_6p4t_v1,foot_left_001,left,1008,69,1760000713800,0.397,0.4248,0.4515,0.3513,0.4446,0.4251,30.75,30.87,30.45,30.66,-0.0298,0.0134,9.8026,-0.0009,0.1351,-0.1594,95,0,csv_replay
1,layout_6p4t_v1,foot_right_001,right,1008,69,1760000713820,0.2126,0.2127,0.24,0.1784,0.2343,0.2245,30.64,30.75,30.36,30.56,0.0037,-0.0016,9.8355,0.0634,0.1084,0.0895,93,0,csv_replay
1,layout_6p4t_v1,foot_left_001,left,1008,70,1760000714000,0.4005,0.4256,0.4479,0.3448,0.4445,0.4116,30.75,30.85,30.45,30.65,0.0071,0.0279,9.7987,0.13,-0.2293,0.0372,95,0,csv_replay
1,layout_6p4t_v1,foot_right_001,right,1008,70,1760000714020,0.2063,0.2163,0.2366,0.1782,0.234,0.221,30.64,30.79,30.4,30.59,-0.0207,-0.0011,9.8095,0.0611,-0.2215,0.0851,93,0,csv_replay
1,layout_6p4t_v1,foot_left_001,left,1008,71,1760000714200,0.3971,0.4141,0.4417,0.3385,0.4423,0.4097,30.75,30.86,30.48,30.69,0.0127,0.0157,9.7916,0.1675,-0.1316,-0.0116,95,0,csv_replay
1,layout_6p4t_v1,foot_right_001,right,1008,71,1760000714220,0.2218,0.2228,0.2468,0.1831,0.2338,0.2297,30.64,30.73,30.35,30.58,-0.0174,-0.0184,9.8336,-0.1911,0.096,-0.199,93,0,csv_replay
1,layout_6p4t_v1,foot_left_001,left,1008,72,1760000714400,0.3882,0.4089,0.4312,0.3358,0.4243,0.4091,30.75,30.83,30.44,30.65,0.026,0.0103,9.78,-0.0998,0.1789,0.0899,95,0,csv_replay
1,layout_6p4t_v1,foot_right_001,right,1008,72,1760000714420,0.2231,0.2257,0.2456,0.189,0.2465,0.2332,30.66,30.76,30.34,30.55,0.0259,0.0196,9.7881,-0.1583,0.2565,0.0668,93,0,csv_replay
1,layout_6p4t_v1,foot_left_001,left,1008,73,1760000714600,0.3773,0.406,0.4217,0.3336,0.426,0.4019,30.75,30.83,30.44,30.64,0.0171,-0.0041,9.8235,0.2531,0.2918,0.0513,95,0,csv_replay
1,layout_6p4t_v1,foot_right_001,right,1008,73,1760000714620,0.2204,0.2414,0.241,0.1886,0.248,0.2425,30.67,30.78,30.36,30.56,0.0173,0.0169,9.7778,-0.1129,0.1045,-0.18,93,0,csv_replay
1,layout_6p4t_v1,foot_left_001,left,1008,74,1760000714800,0.3729,0.3918,0.4139,0.323,0.4152,0.4032,30.74,30.83,30.46,30.67,0.0266,-0.0172,9.8232,0.1995,-0.1753,-0.035,95,0,csv_replay
1,layout_6p4t_v1,foot_right_001,right,1008,74,1760000714820,0.2322,0.2308,0.2567,0.1889,0.2605,0.2375,30.66,30.78,30.34,30.53,0.0288,0.0194,9.7864,0.0834,-0.2051,0.0718,93,0,csv_replay
1,layout_6p4t_v1,foot_left_001,left,1008,75,1760000715000,0.3705,0.3978,0.4189,0.3192,0.4153,0.3845,30.75,30.87,30.43,30.63,-0.022,0.0183,9.769,0.2394,-0.1863,-0.0755,95,0,csv_replay
1,layout_6p4t_v1,foot_right_001,right,1008,75,1760000715020,0.2308,0.2428,0.2496,0.1974,0.2538,0.2429,30.63,30.74,30.35,30.56,-0.0239,0.0258,9.7942,-0.0644,0.2482,0.0733,93,0,csv_replay
1,layout_6p4t_v1,foot_left_001,left,1008,76,1760000715200,0.3575,0.3891,0.4155,0.3096,0.407,0.3878,30.76,30.85,30.43,30.64,0.0108,0.0197,9.7909,0.1281,0.0052,0.0941,95,0,csv_replay
1,layout_6p4t_v1,foot_right_001,right,1008,76,1760000715220,0.2242,0.2387,0.2551,0.205,0.2526,0.2441,30.64,30.72,30.32,30.57,-0.018,-0.0079,9.7949,0.0306,0.0325,0.0199,93,0,csv_replay
1,layout_6p4t_v1,foot_left_001,left,1008,77,1760000715400,0.3531,0.3724,0.4061,0.3139,0.3966,0.3856,30.72,30.82,30.44,30.67,-0.0235,-0.0225,9.8147,-0.2318,-0.1869,-0.1211,95,0,csv_replay
1,layout_6p4t_v1,foot_right_001,right,1008,77,1760000715420,0.2295,0.2531,0.2568,0.2084,0.2594,0.2562,30.64,30.74,30.33,30.51,-0.004,-0.0053,9.7792,-0.2945,0.2002,-0.087,93,0,csv_replay
1,layout_6p4t_v1,foot_left_001,left,1008,78,1760000715600,0.3472,0.3744,0.3945,0.3068,0.3973,0.381,30.74,30.84,30.42,30.67,0.0043,-0.0185,9.8086,-0.0807,-0.0783,0.0759,95,0,csv_replay
1,layout_6p4t_v1,foot_right_001,right,1008,78,1760000715620,0.2439,0.2512,0.2635,0.2046,0.2641,0.2528,30.64,30.71,30.32,30.55,0.0117,-0.0071,9.8176,-0.1279,-0.2495,-0.071,93,0,csv_replay
1,layout_6p4t_v1,foot_left_001,left,1008,79,1760000715800,0.3506,0.3618,0.3826,0.3025,0.3898,0.3668,30.75,30.84,30.42,30.64,-0.0192,-0.0182,9.8326,-0.2975,-0.0046,-0.0595,95,0,csv_replay
1,layout_6p4t_v1,foot_right_001,right,1008,79,1760000715820,0.2439,0.2517,0.2707,0.2176,0.2751,0.2584,30.62,30.76,30.35,30.55,0.0251,0.0068,9.836,0.1451,-0.0297,0.0029,93,0,csv_replay
1,layout_6p4t_v1,foot_left_001,left,1008,80,1760000716000,0.3451,0.3653,0.3897,0.3025,0.3827,0.3651,30.76,30.84,30.41,30.62,-0.0014,-0.0134,9.8012,0.2497,0.1193,0.194,95,0,csv_replay
1,layout_6p4t_v1,foot_right_001,right,1008,80,1760000716020,0.2433,0.2529,0.2775,0.2224,0.2776,0.2533,30.63,30.73,30.34,30.54,-0.0202,0.0269,9.8336,0.2408,-0.2469,-0.1363,93,0,csv_replay
1,layout_6p4t_v1,foot_left_001,left,1008,81,1760000716200,0.3344,0.3523,0.3763,0.2925,0.3826,0.3524,30.7,30.83,30.42,30.63,-0.0058,0.0289,9.7809,-0.0089,-0.0838,0.1813,95,0,csv_replay
1,layout_6p4t_v1,foot_right_001,right,1008,81,1760000716220,0.2447,0.2573,0.2824,0.218,0.2873,0.2579,30.66,30.73,30.35,30.51,0.0053,-0.0085,9.7925,-0.1462,-0.1039,0.0292,93,0,csv_replay
1,layout_6p4t_v1,foot_left_001,left,1008,82,1760000716400,0.3279,0.3504,0.3672,0.2913,0.378,0.3539,30.72,30.82,30.45,30.6,-0.0255,-0.023,9.8133,-0.2876,-0.006,0.109,95,0,csv_replay
1,layout_6p4t_v1,foot_right_001,right,1008,82,1760000716420,0.2545,0.2744,0.2822,0.2129,0.285,0.2642,30.63,30.75,30.35,30.55,-0.0249,-0.0158,9.8156,-0.0459,-0.2012,0.0814,93,0,csv_replay
1,layout_6p4t_v1,foot_left_001,left,1008,83,1760000716600,0.33,0.3522,0.3653,0.2911,0.3632,0.3383,30.7,30.81,30.45,30.64,0.0041,-0.0056,9.7782,-0.161,-0.117,0.0238,95,0,csv_replay
1,layout_6p4t_v1,foot_right_001,right,1008,83,1760000716620,0.2512,0.2782,0.282,0.2294,0.2898,0.2781,30.65,30.75,30.33,30.54,-0.0155,-0.0247,9.829,0.0802,-0.1652,-0.0009,93,0,csv_replay
1,layout_6p4t_v1,foot_left_001,left,1008,84,1760000716800,0.3148,0.3424,0.353,0.2767,0.3668,0.3421,30.75,30.81,30.4,30.63,0.0092,0.0271,9.8314,0.0046,0.1097,0.0384,95,0,csv_replay
1,layout_6p4t_v1,foot_right_001,right,1008,84,1760000716820,0.2544,0.2767,0.2963,0.2344,0.2882,0.2724,30.63,30.75,30.3,30.52,0.0033,0.0257,9.8229,0.184,0.1912,0.0895,93,0,csv_replay
1,layout_6p4t_v1,foot_left_001,left,1008,85,1760000717000,0.3181,0.3401,0.3493,0.2824,0.3589,0.3371,30.69,30.8,30.43,30.59,0.0148,-0.0216,9.8156,0.018,0.2575,-0.1532,95,0,csv_replay
1,layout_6p4t_v1,foot_right_001,right,1008,85,1760000717020,0.2633,0.2745,0.2998,0.2239,0.2886,0.2832,30.63,30.73,30.34,30.5,0.012,0.0081,9.805,-0.0034,-0.1021,-0.1525,93,0,csv_replay
1,layout_6p4t_v1,foot_left_001,left,1008,86,1760000717200,0.3018,0.3233,0.3542,0.2651,0.3531,0.3285,30.7,30.8,30.43,30.63,0.0031,0.006,9.8286,0.1433,0.2672,-0.1837,95,0,csv_replay
1,layout_6p4t_v1,foot_right_001,right,1008,86,1760000717220,0.2689,0.2882,0.2929,0.2367,0.293,0.2777,30.64,30.72,30.34,30.53,-0.014,0.0112,9.7695,-0.2311,-0.2047,0.0875,93,0,csv_replay
1,layout_6p4t_v1,foot_left_001,left,1008,87,1760000717400,0.3097,0.3298,0.3367,0.269,0.3362,0.3204,30.73,30.82,30.42,30.61,-0.0118,0.0033,9.8,-0.1497,-0.2521,-0.0396,95,0,csv_replay
1,layout_6p4t_v1,foot_right_001,right,1008,87,1760000717420,0.2689,0.2786,0.2984,0.2293,0.3047,0.2789,30.63,30.72,30.29,30.52,-0.0282,-0.0241,9.819,-0.2268,0.249,-0.0827,93,0,csv_replay
1,layout_6p4t_v1,foot_left_001,left,1008,88,1760000717600,0.3049,0.3134,0.3411,0.2536,0.336,0.3192,30.72,30.84,30.39,30.59,-0.0105,0.0156,9.8246,0.2537,0.1538,0.1764,95,0,csv_replay
1,layout_6p4t_v1,foot_right_001,right,1008,88,1760000717620,0.2754,0.2927,0.3029,0.2369,0.3045,0.2826,30.62,30.72,30.31,30.5,0.0165,-0.0029,9.795,0.0505,-0.2162,-0.1717,93,0,csv_replay
1,layout_6p4t_v1,foot_left_001,left,1008,89,1760000717800,0.2862,0.3139,0.3306,0.2603,0.3237,0.3119,30.68,30.82,30.39,30.62,0.0041,-0.0126,9.8223,0.1262,-0.008,0.0023,95,0,csv_replay
1,layout_6p4t_v1,foot_right_001,right,1008,89,1760000717820,0.2791,0.2866,0.3128,0.2481,0.311,0.2934,30.62,30.73,30.28,30.53,-0.0026,-0.0096,9.809,0.2584,0.2517,0.1071,93,0,csv_replay
1,layout_6p4t_v1,foot_left_001,left,1008,90,1760000718000,0.2819,0.3025,0.3199,0.259,0.3305,0.3038,30.72,30.81,30.42,30.61,-0.0087,-0.027,9.787,-0.2241,0.2295,-0.0949,95,0,csv_replay
1,layout_6p4t_v1,foot_right_001,right,1008,90,1760000718020,0.2873,0.2943,0.31,0.2458,0.3131,0.3031,30.59,30.72,30.28,30.52,0.0222,-0.0083,9.7896,-0.1737,0.2668,-0.1786,93,0,csv_replay
1,layout_6p4t_v1,foot_left_001,left,1008,91,1760000718200,0.2871,0.307,0.3231,0.2558,0.3163,0.3012,30.67,30.79,30.43,30.6,-0.0248,-0.0124,9.7904,-0.1046,-0.1134,0.0855,95,0,csv_replay
1,layout_6p4t_v1,foot_right_001,right,1008,91,1760000718220,0.2806,0.2976,0.3138,0.2495,0.3213,0.2941,30.61,30.72,30.29,30.52,-0.0098,0.0095,9.8222,-0.0458,-0.0328,-0.0739,93,0,csv_replay
1,layout_6p4t_v1,foot_left_001,left,1008,92,1760000718400,0.2855,0.3048,0.3304,0.2492,0.3312,0.3061,30.67,30.82,30.38,30.61,0.0093,-0.0291,9.8029,-0.0422,0.068,0.0637,95,0,csv_replay
1,layout_6p4t_v1,foot_right_001,right,1008,92,1760000718420,0.274,0.2967,0.3183,0.2517,0.3195,0.2966,30.62,30.7,30.28,30.5,0.0144,-0.0054,9.8295,-0.2723,0.0519,-0.0028,93,0,csv_replay
1,layout_6p4t_v1,foot_left_001,left,1008,93,1760000718600,0.292,0.3074,0.3165,0.2538,0.317,0.3036,30.67,30.81,30.4,30.61,0.0159,-0.0233,9.7914,0.2444,0.2075,0.1866,95,0,csv_replay
1,layout_6p4t_v1,foot_right_001,right,1008,93,1760000718620,0.2829,0.2972,0.3186,0.24,0.3072,0.2901,30.6,30.71,30.27,30.49,0.0182,0.0159,9.8037,0.2494,0.0968,0.0369,93,0,csv_replay
1,layout_6p4t_v1,foot_left_001,left,1008,94,1760000718800,0.2834,0.3104,0.3253,0.2569,0.3258,0.3102,30.69,30.76,30.38,30.58,-0.0221,-0.016,9.8124,0.2986,-0.143,-0.1031,95,0,csv_replay
1,layout_6p4t_v1,foot_right_001,right,1008,94,1760000718820,0.2801,0.2914,0.3175,0.2508,0.3147,0.2898,30.58,30.7,30.27,30.52,-0.025,0.0251,9.8353,-0.2693,-0.1617,0.0553,93,0,csv_replay
1,layout_6p4t_v1,foot_left_001,left,1008,95,1760000719000,0.2925,0.3081,0.3268,0.2469,0.3304,0.3131,30.71,30.79,30.37,30.56,0.0206,-0.0156,9.8182,0.0914,-0.0833,0.0879,95,0,csv_replay
1,layout_6p4t_v1,foot_right_001,right,1008,95,1760000719020,0.2872,0.2912,0.3129,0.2413,0.3078,0.2976,30.6,30.72,30.27,30.51,0.0193,0.0234,9.8033,-0.0549,0.1658,0.1272,93,0,csv_replay
1,layout_6p4t_v1,foot_left_001,left,1008,96,1760000719200,0.281,0.3003,0.3194,0.2592,0.3165,0.3056,30.7,30.8,30.38,30.61,0.0014,-0.0265,9.8228,0.1436,0.0196,0.0917,95,0,csv_replay
1,layout_6p4t_v1,foot_right_001,right,1008,96,1760000719220,0.2875,0.3049,0.3166,0.238,0.3119,0.291,30.59,30.68,30.29,30.46,-0.0181,0.0068,9.8235,-0.1082,0.298,0.127,93,0,csv_replay
1,layout_6p4t_v1,foot_left_001,left,1008,97,1760000719400,0.2914,0.3137,0.3225,0.2544,0.3286,0.3004,30.71,30.8,30.37,30.6,0.0271,0.0185,9.7914,-0.2496,0.0206,-0.0226,95,0,csv_replay
1,layout_6p4t_v1,foot_right_001,right,1008,97,1760000719420,0.2762,0.3055,0.3184,0.2485,0.3213,0.2924,30.59,30.69,30.31,30.46,-0.0144,-0.0098,9.8369,0.246,-0.2299,-0.0529,93,0,csv_replay
1,layout_6p4t_v1,foot_left_001,left,1008,98,1760000719600,0.2916,0.3036,0.3244,0.2579,0.3294,0.3035,30.67,30.78,30.4,30.56,0.0168,-0.0273,9.8293,0.1615,-0.0567,0.1237,95,0,csv_replay
1,layout_6p4t_v1,foot_right_001,right,1008,98,1760000719620,0.2871,0.3,0.3152,0.2408,0.309,0.2996,30.59,30.71,30.27,30.48,0.0045,0.0232,9.7958,0.2156,-0.1873,-0.0883,93,0,csv_replay
1,layout_6p4t_v1,foot_left_001,left,1008,99,1760000719800,0.2801,0.3006,0.3241,0.2444,0.3301,0.3083,30.69,30.8,30.39,30.59,0.0174,0.0028,9.8292,0.0831,-0.0548,-0.131,95,0,csv_replay
1,layout_6p4t_v1,foot_right_001,right,1008,99,1760000719820,0.2728,0.2951,0.3112,0.2423,0.3212,0.3046,30.59,30.71,30.31,30.5,-0.0258,0.0258,9.7948,-0.1521,-0.2353,0.1083,93,0,csv_replay
1,layout_6p4t_v1,foot_left_001,left,1008,100,1760000720000,0.292,0.3061,0.3255,0.2441,0.3294,0.2994,30.68,30.8,30.37,30.56,-0.0014,0.0054,9.8325,0.1487,-0.2451,0.1016,95,0,csv_replay
1,layout_6p4t_v1,foot_right_001,right,1008,100,1760000720020,0.2768,0.2901,0.318,0.2459,0.322,0.2902,30.59,30.67,30.26,30.5,0.0031,-0.0268,9.7996,-0.0462,0.0522,-0.1003,93,0,csv_replay
1,layout_6p4t_v1,foot_left_001,left,1008,101,1760000720200,0.2943,0.3076,0.3222,0.2592,0.3278,0.3068,30.68,30.75,30.38,30.6,-0.021,-0.0006,9.7814,-0.1519,0.2415,-0.0427,95,0,csv_replay
1,layout_6p4t_v1,foot_right_001,right,1008,101,1760000720220,0.2753,0.3053,0.317,0.2395,0.3182,0.2957,30.6,30.69,30.28,30.5,-0.0164,-0.0153,9.8196,0.0971,0.0304,-0.181,93,0,csv_replay
1,layout_6p4t_v1,foot_left_001,left,1008,102,1760000720400,0.2866,0.3032,0.3232,0.2529,0.3221,0.3081,30.66,30.75,30.41,30.55,0.0163,0.0096,9.7705,-0.1661,0.2515,-0.1814,95,0,csv_replay
1,layout_6p4t_v1,foot_right_001,right,1008,102,1760000720420,0.2778,0.2957,0.313,0.2403,0.3085,0.2934,30.58,30.7,30.3,30.5,-0.0139,0.0299,9.8236,-0.2758,0.0051,-0.092,93,0,csv_replay
1,layout_6p4t_v1,foot_left_001,left,1008,103,1760000720600,0.2892,0.3117,0.3307,0.2526,0.3268,0.3038,30.67,30.76,30.4,30.55,-0.0151,0.0203,9.8256,-0.1103,0.0813,0.1819,95,0,csv_replay
1,layout_6p4t_v1,foot_right_001,right,1008,103,1760000720620,0.2746,0.2937,0.3099,0.252,0.3104,0.2931,30.58,30.69,30.27,30.5,0.0269,0.0125,9.7711,0.2863,0.1041,-0.1661,93,0,csv_replay
1,layout_6p4t_v1,foot_left_001,left,1008,104,1760000720800,0.2888,0.3077,0.3295,0.2534,0.3227,0.3104,30.67,30.76,30.35,30.55,0.0049,0.0295,9.841,-0.1657,-0.1327,-0.1787,95,0,csv_replay
1,layout_6p4t_v1,foot_right_001,right,1008,104,1760000720820,0.2769,0.3015,0.3095,0.2411,0.3085,0.3042,30.55,30.65,30.25,30.49,0.0087,-0.0258,9.8262,0.1859,-0.0086,0.037,93,0,csv_replay
1,layout_6p4t_v1,foot_left_001,left,1008,105,1760000721000,0.2845,0.3047,0.3318,0.2599,0.3241,0.3027,30.68,30.78,30.39,30.59,0.0257,-0.0029,9.8294,0.1412,-0.2856,-0.1389,95,0,csv_replay
1,layout_6p4t_v1,foot_right_001,right,1008,105,1760000721020,0.273,0.2981,0.3143,0.2464,0.3089,0.2896,30.59,30.68,30.27,30.47,-0.028,0.0157,9.794,-0.1817,0.1283,0.1153,93,0,csv_replay
1,layout_6p4t_v1,foot_left_001,left,1008,106,1760000721200,0.2811,0.3014,0.3266,0.2451,0.3165,0.3074,30.69,30.8,30.37,30.57,0.0194,-0.0264,9.7915,-0.1801,0.1964,0.0952,95,0,csv_replay
1,layout_6p4t_v1,foot_right_001,right,1008,106,1760000721220,0.2841,0.3024,0.3168,0.2421,0.3092,0.3001,30.59,30.68,30.26,30.5,0.0001,0.005,9.7873,0.013,0.1681,-0.0264,93,0,csv_replay
1,layout_6p4t_v1,foot_left_001,left,1008,107,1760000721400,0.2884,0.3108,0.3247,0.2564,0.3228,0.3036,30.7,30.74,30.38,30.59,0.0086,0.0156,9.8366,-0.0769,-0.2084,-0.0389,95,0,csv_replay
1,layout_6p4t_v1,foot_right_001,right,1008,107,1760000721420,0.2847,0.2936,0.3072,0.2464,0.3113,0.2912,30.56,30.65,30.26,30.47,0.0118,0.0212,9.8074,-0.1426,0.0155,0.1874,93,0,csv_replay
1,layout_6p4t_v1,foot_left_001,left,1008,108,1760000721600,0.2943,0.2982,0.3271,0.2458,0.3163,0.3136,30.68,30.78,30.38,30.58,-0.0078,0.0064,9.7996,0.2196,0.2755,-0.0129,95,0,csv_replay
1,layout_6p4t_v1,foot_right_001,right,1008,108,1760000721620,0.2759,0.2984,0.3072,0.249,0.3174,0.2916,30.6,30.65,30.25,30.48,0.023,-0.0051,9.8269,0.0156,0.1301,-0.1874,93,0,csv_replay
1,layout_6p4t_v1,foot_left_001,left,1008,109,1760000721800,0.285,0.3,0.3279,0.2551,0.3316,0.3106,30.69,30.76,30.36,30.55,-0.0246,0.0295,9.8228,0.196,-0.1213,0.1447,95,0,csv_replay
1,layout_6p4t_v1,foot_right_001,right,1008,109,1760000721820,0.2868,0.297,0.3123,0.2393,0.3091,0.303,30.58,30.64,30.26,30.48,0.0057,0.0233,9.7852,0.2743,-0.1219,0.1826,93,0,csv_replay
1,layout_6p4t_v1,foot_left_001,left,1008,110,1760000722000,0.292,0.3011,0.3243,0.2491,0.3244,0.3126,30.65,30.78,30.37,30.57,-0.0202,-0.029,9.8119,0.072,0.2993,0.1091,95,0,csv_replay
1,layout_6p4t_v1,foot_right_001,right,1008,110,1760000722020,0.2735,0.3052,0.314,0.2413,0.3189,0.2945,30.58,30.64,30.27,30.49,-0.0189,-0.0212,9.8275,0.2134,0.1422,0.0925,93,0,csv_replay
1,layout_6p4t_v1,foot_left_001,left,1008,111,1760000722200,0.2835,0.3095,0.3163,0.255,0.3296,0.3009,30.68,30.8,30.36,30.55,0.0158,-0.0269,9.7912,-0.1899,0.0729,-0.0664,95,0,csv_replay
1,layout_6p4t_v1,foot_right_001,right,1008,111,1760000722220,0.2771,0.2959,0.3102,0.2399,0.3135,0.3006,30.55,30.68,30.29,30.46,0.0291,0.0066,9.7721,-0.0606,0.0147,-0.0829,93,0,csv_replay
1,layout_6p4t_v1,foot_left_001,left,1008,112,1760000722400,0.2929,0.2991,0.3239,0.2475,0.3212,0.2999,30.64,30.79,30.36,30.55,0.0161,0.0251,9.823,-0.0867,0.2173,0.074,95,0,csv_replay
1,layout_6p4t_v1,foot_right_001,right,1008,112,1760000722420,0.2757,0.2992,0.3091,0.2499,0.315,0.2896,30.55,30.67,30.24,30.46,0.0184,0.02,9.8157,0.2274,0.2537,0.0125,93,0,csv_replay
1,layout_6p4t_v1,foot_left_001,left,1008,113,1760000722600,0.2801,0.3049,0.325,0.2458,0.3211,0.2982,30.68,30.74,30.37,30.57,-0.0096,-0.018,9.8291,0.2839,-0.2548,0.1053,95,0,csv_replay
1,layout_6p4t_v1,foot_right_001,right,1008,113,1760000722620,0.2723,0.2983,0.3154,0.2447,0.3166,0.2961,30.58,30.65,30.26,30.48,0.0074,0.0207,9.8104,0.1911,-0.2756,0.0442,93,0,csv_replay
1,layout_6p4t_v1,foot_left_001,left,1008,114,1760000722800,0.2937,0.3006,0.3229,0.2528,0.3295,0.2989,30.66,30.79,30.38,30.55,-0.017,-0.0053,9.7746,0.1564,-0.0752,-0.0999,95,0,csv_replay
1,layout_6p4t_v1,foot_right_001,right,1008,114,1760000722820,0.2806,0.302,0.31,0.2426,0.3168,0.2921,30.57,30.66,30.29,30.44,0.0292,-0.0123,9.7863,-0.134,-0.1878,0.1611,93,0,csv_replay
1,layout_6p4t_v1,foot_left_001,left,1008,115,1760000723000,0.2836,0.3114,0.3295,0.247,0.3191,0.3001,30.68,30.79,30.36,30.59,0.0024,0.0178,9.7714,-0.0544,-0.1429,0.088,95,0,csv_replay
1,layout_6p4t_v1,foot_right_001,right,1008,115,1760000723020,0.2825,0.2939,0.3077,0.2378,0.3191,0.2918,30.59,30.67,30.26,30.46,0.0182,0.0298,9.814,0.1508,0.2964,0.1426,93,0,csv_replay
1,layout_6p4t_v1,foot_left_001,left,1008,116,1760000723200,0.2829,0.3073,0.3287,0.251,0.331,0.3002,30.68,30.78,30.34,30.59,-0.0027,-0.0116,9.8318,0.1833,-0.0826,-0.0938,95,0,csv_replay
1,layout_6p4t_v1,foot_right_001,right,1008,116,1760000723220,0.2802,0.3017,0.3091,0.2517,0.3115,0.294,30.55,30.67,30.25,30.46,0.0276,-0.0226,9.7802,0.1771,-0.2513,0.0457,93,0,csv_replay
1,layout_6p4t_v1,foot_left_001,left,1008,117,1760000723400,0.2853,0.3061,0.3277,0.252,0.3279,0.3111,30.66,30.78,30.35,30.6,0.0221,0.0071,9.8071,0.2159,0.2824,-0.0458,95,0,csv_replay
1,layout_6p4t_v1,foot_right_001,right,1008,117,1760000723420,0.28,0.2966,0.3138,0.2427,0.3146,0.3012,30.56,30.65,30.25,30.46,-0.0186,0.0046,9.8082,-0.0172,0.0359,-0.1086,93,0,csv_replay
1,layout_6p4t_v1,foot_left_001,left,1008,118,1760000723600,0.2885,0.3006,0.3236,0.2476,0.3319,0.3085,30.68,30.75,30.38,30.59,0.0247,-0.0234,9.7931,0.012,0.2515,0.0934,95,0,csv_replay
1,layout_6p4t_v1,foot_right_001,right,1008,118,1760000723620,0.2729,0.2954,0.3227,0.2516,0.3151,0.3023,30.59,30.65,30.24,30.45,-0.0092,-0.0001,9.7747,-0.2689,-0.1078,-0.1791,93,0,csv_replay
1,layout_6p4t_v1,foot_left_001,left,1008,119,1760000723800,0.2819,0.3135,0.3315,0.2523,0.3176,0.3084,30.67,30.8,30.4,30.58,0.0155,0.0234,9.8153,0.0289,-0.2193,0.0409,95,0,csv_replay
1,layout_6p4t_v1,foot_right_001,right,1008,119,1760000723820,0.2851,0.2904,0.313,0.2512,0.3226,0.2912,30.59,30.66,30.25,30.49,-0.0034,-0.0124,9.814,0.249,0.0091,-0.0256,93,0,csv_replay
1,layout_6p4t_v1,foot_left_001,left,1008,120,1760000724000,0.2908,0.3081,0.3297,0.2511,0.3313,0.3037,30.69,30.77,30.39,30.55,-0.0056,0.0234,9.7853,0.0865,0.2686,0.0829,95,0,csv_replay
1,layout_6p4t_v1,foot_right_001,right,1008,120,1760000724020,0.2733,0.299,0.3225,0.249,0.3205,0.3002,30.57,30.67,30.29,30.5,-0.024,0.0037,9.7808,0.1038,0.1976,-0.1729,93,0,csv_replay
1,layout_6p4t_v1,foot_left_001,left,1008,121,1760000724200,0.28,0.3016,0.3259,0.2508,0.318,0.31,30.67,30.76,30.4,30.57,0.0191,0.0243,9.7835,-0.2064,0.1012,-0.1474,95,0,csv_replay
1,layout_6p4t_v1,foot_right_001,right,1008,121,1760000724220,0.285,0.3036,0.3224,0.2388,0.318,0.2929,30.6,30.66,30.3,30.5,-0.023,0.0114,9.787,-0.2574,0.0377,0.0405,93,0,csv_replay
1,layout_6p4t_v1,foot_left_001,left,1008,122,1760000724400,0.2927,0.3083,0.3186,0.2516,0.3215,0.3045,30.67,30.77,30.37,30.55,0.0152,0.0037,9.7945,-0.2096,-0.2766,-0.0411,95,0,csv_replay
1,layout_6p4t_v1,foot_right_001,right,1008,122,1760000724420,0.2767,0.2991,0.3109,0.2465,0.3145,0.3019,30.58,30.65,30.3,30.49,0.0052,0.0255,9.8122,0.0277,-0.1431,-0.1696,93,0,csv_replay
1,layout_6p4t_v1,foot_left_001,left,1008,123,1760000724600,0.2839,0.3128,0.3237,0.2574,0.3228,0.3104,30.69,30.75,30.38,30.57,0.0006,0.0293,9.8039,-0.0643,0.1966,-0.1175,95,0,csv_replay
1,layout_6p4t_v1,foot_right_001,right,1008,123,1760000724620,0.2774,0.2895,0.3101,0.2447,0.3115,0.2975,30.57,30.68,30.26,30.48,-0.0022,-0.0287,9.7825,-0.0075,-0.0445,-0.0326,93,0,csv_replay
1,layout_6p4t_v1,foot_left_001,left,1008,124,1760000724800,0.2908,0.307,0.3241,0.2593,0.3294,0.3088,30.66,30.76,30.36,30.6,-0.0007,-0.0103,9.7695,0.0358,0.177,-0.1245,95,0,csv_replay
1,layout_6p4t_v1,foot_right_001,right,1008,124,1760000724820,0.2814,0.3031,0.3135,0.241,0.3186,0.299,30.59,30.69,30.29,30.5,-0.0144,0.0247,9.8198,0.0975,-0.036,0.1359,93,0,csv_replay
1,layout_6p4t_v1,foot_left_001,left,1008,125,1760000725000,0.2859,0.3065,0.3295,0.2597,0.3227,0.3045,30.69,30.76,30.4,30.6,-0.0119,0.0277,9.7911,-0.2729,0.1731,0.1105,95,0,csv_replay
1,layout_6p4t_v1,foot_right_001,right,1008,125,1760000725020,0.2775,0.305,0.317,0.2419,0.3139,0.2944,30.6,30.68,30.29,30.48,-0.0089,0.0283,9.8325,0.0129,0.0918,0.0454,93,0,csv_replay
1,layout_6p4t_v1,foot_left_001,left,1008,126,1760000725200,0.2808,0.3006,0.3269,0.2519,0.3268,0.3051,30.68,30.76,30.36,30.56,0.0091,0.0298,9.8131,-0.2356,-0.166,0.1486,95,0,csv_replay
1,layout_6p4t_v1,foot_right_001,right,1008,126,1760000725220,0.277,0.2931,0.323,0.2413,0.3195,0.2908,30.61,30.67,30.29,30.51,-0.0264,-0.019,9.8288,-0.1626,-0.2995,-0.0181,93,0,csv_replay
1,layout_6p4t_v1,foot_left_001,left,1008,127,1760000725400,0.28,0.3035,0.3263,0.2567,0.3163,0.3028,30.7,30.76,30.41,30.57,-0.0121,-0.0188,9.7712,-0.084,0.1204,-0.1851,95,0,csv_replay
1,layout_6p4t_v1,foot_right_001,right,1008,127,1760000725420,0.2821,0.3052,0.3106,0.2396,0.3133,0.2966,30.57,30.69,30.29,30.5,-0.004,0.0109,9.8256,-0.077,-0.0603,0.0678,93,0,csv_replay
1,layout_6p4t_v1,foot_left_001,left,1008,128,1760000725600,0.2805,0.2995,0.3313,0.2531,0.3229,0.3071,30.71,30.81,30.37,30.59,-0.0284,0.023,9.8452,0.1705,0.2884,-0.1515,95,0,csv_replay
1,layout_6p4t_v1,foot_right_001,right,1008,128,1760000725620,0.2748,0.2995,0.3111,0.2479,0.3163,0.2969,30.61,30.7,30.27,30.46,-0.0217,0.0264,9.8299,-0.29,0.2386,-0.0694,93,0,csv_replay
1,layout_6p4t_v1,foot_left_001,left,1008,129,1760000725800,0.285,0.3018,0.3285,0.2461,0.3279,0.306,30.69,30.79,30.37,30.61,0.0073,-0.012,9.8135,-0.2578,0.2951,0.0172,95,0,csv_replay
1,layout_6p4t_v1,foot_right_001,right,1008,129,1760000725820,0.2781,0.3055,0.3209,0.2431,0.313,0.2972,30.57,30.67,30.28,30.5,0.0129,-0.015,9.7787,-0.0622,0.1675,0.1519,93,0,csv_replay
1,layout_6p4t_v1,foot_left_001,left,1008,130,1760000726000,0.2857,0.3001,0.3258,0.2585,0.3232,0.3005,30.7,30.81,30.39,30.57,-0.0272,0.0263,9.824,-0.1358,0.2721,-0.0351,95,0,csv_replay
1,layout_6p4t_v1,foot_right_001,right,1008,130,1760000726020,0.2797,0.2929,0.3111,0.2421,0.3104,0.3023,30.6,30.67,30.3,30.48,0.0017,-0.0297,9.7787,0.1,-0.0958,0.0585,93,0,csv_replay
1,layout_6p4t_v1,foot_left_001,left,1008,131,1760000726200,0.281,0.3117,0.3244,0.2552,0.3231,0.3133,30.69,30.8,30.39,30.58,-0.0227,0.0168,9.7906,0.0395,0.03,-0.1605,95,0,csv_replay
1,layout_6p4t_v1,foot_right_001,right,1008,131,1760000726220,0.276,0.2909,0.3199,0.2383,0.3081,0.3009,30.58,30.69,30.3,30.52,-0.0013,-0.0149,9.8466,0.1425,-0.1252,-0.1974,93,0,csv_replay
1,layout_6p4t_v1,foot_left_001,left,1008,132,1760000726400,0.2812,0.3024,0.3239,0.2512,0.3281,0.3053,30.67,30.78,30.38,30.59,0.0149,0.0028,9.8145,-0.2866,0.1304,0.0317,95,0,csv_replay
1,layout_6p4t_v1,foot_right_001,right,1008,132,1760000726420,0.2723,0.302,0.3149,0.2506,0.3127,0.2915,30.59,30.68,30.28,30.48,-0.0207,0.0191,9.8114,-0.2025,0.2254,-0.1714,93,0,csv_replay
1,layout_6p4t_v1,foot_left_001,left,1008,133,1760000726600,0.2948,0.3072,0.317,0.2534,0.3243,0.3084,30.67,30.8,30.37,30.61,-0.0235,-0.0198,9.8226,0.1139,-0.1386,-0.0179,95,0,csv_replay
1,layout_6p4t_v1,foot_right_001,right,1008,133,1760000726620,0.2849,0.2943,0.3142,0.2467,0.313,0.2953,30.58,30.67,30.31,30.49,0.0247,-0.0124,9.7729,0.2196,0.093,-0.0672,93,0,csv_replay
1,layout_6p4t_v1,foot_left_001,left,1008,134,1760000726800,0.2858,0.3121,0.3291,0.2582,0.3259,0.3083,30.69,30.82,30.4,30.61,0.0087,-0.0165,9.8288,0.1425,0.2242,0.1363,95,0,csv_replay
1,layout_6p4t_v1,foot_right_001,right,1008,134,1760000726820,0.2869,0.2985,0.3175,0.2382,0.3071,0.303,30.6,30.68,30.31,30.49,-0.001,0.0191,9.7684,-0.0353,0.1209,0.1316,93,0,csv_replay
1,layout_6p4t_v1,foot_left_001,left,1008,135,1760000727000,0.2803,0.3024,0.3173,0.2472,0.3314,0.3017,30.73,30.81,30.37,30.6,-0.0186,0.0026,9.8176,0.0553,-0.0562,0.0909,95,0,csv_replay
1,layout_6p4t_v1,foot_right_001,right,1008,135,1760000727020,0.2759,0.2975,0.3091,0.2479,0.3088,0.2967,30.6,30.73,30.31,30.51,0.0264,-0.0157,9.832,-0.0634,0.0878,0.0365,93,0,csv_replay
1,layout_6p4t_v1,foot_left_001,left,1008,136,1760000727200,0.2831,0.3138,0.3189,0.2481,0.3269,0.3084,30.68,30.79,30.43,30.61,-0.0236,0.0169,9.8323,0.0139,-0.2446,-0.1837,95,0,csv_replay
1,layout_6p4t_v1,foot_right_001,right,1008,136,1760000727220,0.2873,0.3001,0.3182,0.2475,0.3223,0.2935,30.6,30.7,30.28,30.51,-0.0065,0.0262,9.8017,0.1799,-0.2209,-0.131,93,0,csv_replay
1,layout_6p4t_v1,foot_left_001,left,1008,137,1760000727400,0.2859,0.311,0.3306,0.2529,0.322,0.3114,30.7,30.79,30.4,30.62,0.0244,-0.0263,9.8308,-0.0338,0.2404,-0.1981,95,0,csv_replay
1,layout_6p4t_v1,foot_right_001,right,1008,137,1760000727420,0.2723,0.2979,0.3102,0.2502,0.3193,0.29,30.62,30.7,30.28,30.49,0.0195,-0.0101,9.8355,0.2045,-0.0057,0.1051,93,0,csv_replay
1,layout_6p4t_v1,foot_left_001,left,1008,138,1760000727600,0.2908,0.3113,0.3214,0.2453,0.3281,0.3001,30.72,30.79,30.43,30.63,0.0062,0.0242,9.824,-0.2487,0.1411,-0.1523,95,0,csv_replay
1,layout_6p4t_v1,foot_right_001,right,1008,138,1760000727620,0.2757,0.2932,0.3156,0.2491,0.3084,0.2917,30.63,30.69,30.33,30.48,-0.0023,-0.0126,9.8133,0.0834,-0.0791,0.1101,93,0,csv_replay
1,layout_6p4t_v1,foot_left_001,left,1008,139,1760000727800,0.2925,0.3138,0.323,0.246,0.3253,0.3127,30.71,30.83,30.38,30.62,-0.0298,0.0203,9.8203,0.2001,-0.195,-0.1944,95,0,csv_replay
1,layout_6p4t_v1,foot_right_001,right,1008,139,1760000727820,0.2826,0.2912,0.3176,0.2494,0.3109,0.2926,30.6,30.74,30.34,30.49,0.0128,0.0194,9.8466,-0.2571,-0.289,-0.0528,93,0,csv_replay
1,layout_6p4t_v1,foot_left_001,left,1008,140,1760000728000,0.2871,0.3129,0.3205,0.2503,0.3213,0.3131,30.71,30.81,30.41,30.64,0.0163,0.0036,9.8398,0.1358,-0.2529,0.1834,95,0,csv_replay
1,layout_6p4t_v1,foot_right_001,right,1008,140,1760000728020,0.2751,0.2939,0.3212,0.249,0.3088,0.2896,30.61,30.69,30.3,30.53,0.0096,0.0033,9.8092,-0.2822,0.2022,0.1978,93,0,csv_replay
1,layout_6p4t_v1,foot_left_001,left,1008,141,1760000728200,0.284,0.3024,0.3299,0.2539,0.3195,0.3012,30.74,30.8,30.44,30.62,0.0193,-0.0184,9.8141,0.2131,-0.169,0.1843,95,0,csv_replay
1,layout_6p4t_v1,foot_right_001,right,1008,141,1760000728220,0.2878,0.2987,0.3091,0.2446,0.3206,0.3041,30.61,30.71,30.29,30.52,-0.029,0.0192,9.8251,0.0601,-0.0239,0.1029,93,0,csv_replay
1,layout_6p4t_v1,foot_left_001,left,1008,142,1760000728400,0.287,0.3001,0.3319,0.2547,0.3203,0.3097,30.72,30.82,30.43,30.65,0.0167,-0.0111,9.7838,0.2426,0.1037,-0.0325,95,0,csv_replay
1,layout_6p4t_v1,foot_right_001,right,1008,142,1760000728420,0.2798,0.3025,0.3101,0.2373,0.3194,0.2928,30.61,30.7,30.32,30.51,-0.0273,0.0106,9.8123,0.0763,0.2642,-0.029,93,0,csv_replay
1,layout_6p4t_v1,foot_left_001,left,1008,143,1760000728600,0.2851,0.3015,0.3279,0.2462,0.3314,0.3057,30.71,30.81,30.41,30.65,-0.0262,0.0072,9.7996,0.0922,-0.1645,0.1622,95,0,csv_replay
1,layout_6p4t_v1,foot_right_001,right,1008,143,1760000728620,0.2787,0.3011,0.3139,0.2375,0.32,0.2925,30.66,30.72,30.33,30.55,-0.0224,-0.0224,9.8072,-0.1375,-0.2194,0.0936,93,0,csv_replay
1,layout_6p4t_v1,foot_left_001,left,1008,144,1760000728800,0.2922,0.3101,0.3276,0.246,0.3222,0.3016,30.72,30.82,30.44,30.61,-0.0125,0.0112,9.7719,-0.1229,-0.2416,0.1642,95,0,csv_replay
1,layout_6p4t_v1,foot_right_001,right,1008,144,1760000728820,0.2792,0.2903,0.3101,0.2415,0.3195,0.2946,30.65,30.73,30.31,30.54,0.0126,-0.0171,9.8247,0.2918,0.1256,-0.05,93,0,csv_replay
1,layout_6p4t_v1,foot_left_001,left,1008,145,1760000729000,0.2906,0.308,0.3276,0.2449,0.328,0.3083,30.72,30.82,30.41,30.66,-0.0279,-0.0165,9.8443,-0.1671,0.1347,-0.0214,95,0,csv_replay
1,layout_6p4t_v1,foot_right_001,right,1008,145,1760000729020,0.2833,0.3001,0.3159,0.2422,0.312,0.2897,30.65,30.73,30.33,30.54,0.0183,-0.0229,9.8305,-0.2604,0.0823,0.0892,93,0,csv_replay
1,layout_6p4t_v1,foot_left_001,left,1008,146,1760000729200,0.2911,0.3139,0.3214,0.2453,0.3233,0.3119,30.74,30.86,30.42,30.63,0.0229,-0.0048,9.8013,0.0654,-0.1214,0.1935,95,0,csv_replay
1,layout_6p4t_v1,foot_right_001,right,1008,146,1760000729220,0.2796,0.3035,0.3096,0.2497,0.3221,0.2924,30.63,30.71,30.34,30.53,-0.0031,0.0134,9.7709,-0.0625,-0.1006,-0.0083,93,0,csv_replay
1,layout_6p4t_v1,foot_left_001,left,1008,147,1760000729400,0.2824,0.3119,0.3262,0.252,0.3192,0.3052,30.71,30.81,30.42,30.63,0.0217,-0.0181,9.8362,-0.0351,0.1382,0.0655,95,0,csv_replay
1,layout_6p4t_v1,foot_right_001,right,1008,147,1760000729420,0.287,0.303,0.3218,0.2528,0.3088,0.2964,30.67,30.74,30.35,30.56,0.0136,0.0059,9.7781,0.2819,-0.2199,0.1262,93,0,csv_replay
1,layout_6p4t_v1,foot_left_001,left,1008,148,1760000729600,0.2906,0.3093,0.3293,0.2537,0.3163,0.3127,30.76,30.85,30.43,30.64,0.0261,-0.0204,9.8079,0.148,-0.2149,0.1665,95,0,csv_replay
1,layout_6p4t_v1,foot_right_001,right,1008,148,1760000729620,0.2781,0.2897,0.3084,0.2401,0.3177,0.3038,30.64,30.76,30.31,30.56,-0.0257,-0.026,9.7682,0.1543,-0.0197,0.1207,93,0,csv_replay
1,layout_6p4t_v1,foot_left_001,left,1008,149,1760000729800,0.2801,0.3123,0.3246,0.249,0.3175,0.3001,30.73,30.84,30.44,30.65,0.0289,0.0262,9.839,-0.1272,0.2068,-0.1792,95,0,csv_replay
1,layout_6p4t_v1,foot_right_001,right,1008,149,1760000729820,0.2818,0.3016,0.32,0.2387,0.3138,0.2994,30.66,30.72,30.34,30.57,-0.0186,0.0097,9.8286,0.0304,-0.1628,-0.1121,93,0,csv_replay
